name,dorsal,team,position,age,height,weight,nationality,appearances,substitute_sppearances,total_goals,assists,shots,shots_on_target,fouls_committed,fouls_suffered,yellow_cards,red_cards,ratio_goalshots,ratio_assists_appearances,ratio_total_goalss_appearances,ratio_total_fouls_committed_appearances,ratio_total_fouls_suffered_appearances,ratio_total_yellow_cards_appearances,ratio_total_red_cards_appearances
Alberto Rodríguez,2,alaves,D,23,"1,82",71.55,Spain,11,4,0,0,2,0,10,16,3,1,0.0,0.0,0.0,0.9090909090909091,1.4545454545454546,0.2727272727272727,0.09090909090909091
Rubén Duarte,3,alaves,D,25,"1,55",73.35000000000001,Spain,30,2,1,1,14,2,41,38,5,1,0.5,0.03333333333333333,0.03333333333333333,1.3666666666666667,1.2666666666666666,0.16666666666666666,0.03333333333333333
Rodrigo Ely,4,alaves,D,27,"1,88",82.35000000000001,Brazil,8,2,1,0,4,2,8,2,1,0,0.5,0.0,0.125,1.0,0.25,0.125,0.0
Víctor Laguardia,5,alaves,D,31,"1,85",78.3,Spain,32,2,0,1,8,3,25,12,4,1,0.0,0.03125,0.0,0.78125,0.375,0.125,0.03125
Martín Aguirregabiria,21,alaves,D,25,"1,55",67.5,Spain,26,10,0,1,2,0,23,23,1,0,0.0,0.038461538461538464,0.0,0.8846153846153846,0.8846153846153846,0.038461538461538464,0.0
Florian Lejeune,22,alaves,D,30,"1,88",87.3,France,33,0,1,1,23,5,33,16,10,0,0.2,0.030303030303030304,0.030303030303030304,1.0,0.48484848484848486,0.30303030303030304,0.0
Ximo Navarro,23,alaves,D,31,"1,79",73.35000000000001,Spain,30,3,1,1,14,4,32,34,6,0,0.25,0.03333333333333333,0.03333333333333333,1.0666666666666667,1.1333333333333333,0.2,0.0
Javier López,26,alaves,D,19,"1,82",0.0,Spain,9,8,0,0,1,1,3,3,1,1,0.0,0.0,0.0,0.3333333333333333,0.3333333333333333,0.1111111111111111,0.1111111111111111
Abdelkabir Abqar,36,alaves,D,22,"1,88",78.3,Morocco,0,0,0,0,0,0,0,0,0,0,0.0,,,,,,
Hugo Pérez,38,alaves,D,18,"1,88",0.0,Spain,0,0,0,0,0,0,0,0,0,0,0.0,,,,,,
Stephane Paul Keller,39,alaves,D,19,0,0.0,Cameroon,1,1,0,0,0,0,0,0,0,0,0.0,0.0,0.0,0.0,0.0,0.0,0.0
Robert Vallribera,40,alaves,D,19,0,0.0,Spain,0,0,0,0,0,0,0,0,0,0,0.0,,,,,,
Rodrigo Battaglia,6,alaves,M,29,"1,88",77.4,Argentina,31,2,1,0,17,5,33,30,10,1,0.2,0.0,0.03225806451612903,1.064516129032258,0.967741935483871,0.3225806451612903,0.03225806451612903
Tomás Pina,8,alaves,M,33,"1,82",77.4,Spain,32,2,1,1,10,1,66,29,12,0,1.0,0.03125,0.03125,2.0625,0.90625,0.375,0.0
Édgar Méndez,16,alaves,M,30,"1,88",78.3,Spain,32,7,5,1,33,10,50,49,10,1,0.5,0.03125,0.15625,1.5625,1.53125,0.3125,0.03125
Iñigo Córdoba,17,alaves,M,24,"1,55",75.60000000000001,Spain,10,6,0,0,3,0,9,7,0,0,0.0,0.0,0.0,0.9,0.7,0.0,0.0
Burgui ,18,alaves,M,27,"1,82",73.35000000000001,Spain,1,1,0,0,0,0,0,1,0,0,0.0,0.0,0.0,0.0,1.0,0.0,0.0
Manu García,19,alaves,M,35,"1,82",72.45,Spain,24,15,0,0,8,0,18,25,8,1,0.0,0.0,0.0,0.75,1.0416666666666667,0.3333333333333333,0.041666666666666664
Pere Pons,20,alaves,M,18,"1,55",68.4,Spain,21,10,2,0,8,4,15,17,1,0,0.5,0.0,0.09523809523809523,0.7142857142857143,0.8095238095238095,0.047619047619047616,0.0
Jota ,24,alaves,M,29,"1,55",68.4,Spain,23,5,0,2,16,2,18,4,3,1,0.0,0.08695652173913043,0.0,0.782608695652174,0.17391304347826086,0.13043478260869565,0.043478260869565216
Sergi García,27,alaves,M,22,0,0.0,Spain,2,2,0,0,0,0,0,0,0,0,0.0,0.0,0.0,0.0,0.0,0.0,0.0
Jose Blanco,28,alaves,M,21,0,0.0,Spain,0,0,0,0,0,0,0,0,0,0,0.0,,,,,,
Borja Sainz,29,alaves,M,20,"1,79",73.35000000000001,Spain,21,19,1,0,8,4,13,7,1,0,0.25,0.0,0.047619047619047616,0.6190476190476191,0.3333333333333333,0.047619047619047616,0.0
Abdallahi Mahmoud,30,alaves,M,21,0,0.0,Mauritania,2,1,0,0,0,0,1,1,0,0,0.0,0.0,0.0,0.5,0.5,0.0,0.0
Facundo Pellistri,37,alaves,M,19,"1,79",67.5,Uruguay,11,7,0,0,6,2,5,9,0,0,0.0,0.0,0.0,0.45454545454545453,0.8181818181818182,0.0,0.0
Eneko Ortiz,41,alaves,M,17,0,0.0,Spain,0,0,0,0,0,0,0,0,0,0,0.0,,,,,,
Fernando Pacheco,1,alaves,F,21,"1,79",68.4,Peru,37,0,0,0,0,0,0,3,1,0,0.0,0.0,0.0,0.0,0.08108108108108109,0.02702702702702703,0.0
Lucas Pérez,7,alaves,F,32,"1,55",81.45,Spain,27,8,4,4,31,13,11,29,1,0,0.3076923076923077,0.14814814814814814,0.14814814814814814,0.4074074074074074,1.0740740740740742,0.037037037037037035,0.0
Joselu ,9,alaves,F,31,"1,95",78.3,Spain,36,2,11,3,86,28,38,74,1,0,0.39285714285714285,0.08333333333333333,0.3055555555555556,1.0555555555555556,2.0555555555555554,0.027777777777777776,0.0
John Guidetti,10,alaves,F,29,"1,85",78.3,Sweden,9,9,1,0,5,1,5,0,1,0,1.0,0.0,0.1111111111111111,0.5555555555555556,0.0,0.1111111111111111,0.0
Luis Rioja,11,alaves,F,27,"1,79",67.5,Spain,34,9,4,2,23,9,17,27,3,0,0.4444444444444444,0.058823529411764705,0.11764705882352941,0.5,0.7941176470588235,0.08823529411764706,0.0
Deyverson ,14,alaves,F,30,"1,85",77.4,Brazil,27,16,1,3,14,2,15,24,4,0,0.5,0.1111111111111111,0.037037037037037035,0.5555555555555556,0.8888888888888888,0.14814814814814814,0.0
Unai Núñez,3,athletic-bilbao,D,24,"1,85",78.3,Spain,24,2,1,1,11,5,20,11,6,0,0.2,0.041666666666666664,0.041666666666666664,0.8333333333333334,0.4583333333333333,0.25,0.0
Iñigo Martínez,4,athletic-bilbao,D,30,"1,82",75.60000000000001,Spain,28,0,1,0,18,7,30,35,9,1,0.14285714285714285,0.0,0.03571428571428571,1.0714285714285714,1.25,0.32142857142857145,0.03571428571428571
Yeray ,5,athletic-bilbao,D,26,"1,82",77.4,Spain,22,1,1,0,10,1,20,13,6,0,1.0,0.0,0.045454545454545456,0.9090909090909091,0.5909090909090909,0.2727272727272727,0.0
Iñigo Lekue,15,athletic-bilbao,D,28,"1,55",68.4,Spain,17,13,0,0,2,1,16,2,1,0,0.0,0.0,0.0,0.9411764705882353,0.11764705882352941,0.058823529411764705,0.0
Yuri Berchiche,17,athletic-bilbao,D,31,"1,55",77.4,Spain,23,2,1,3,16,6,17,30,3,0,0.16666666666666666,0.13043478260869565,0.043478260869565216,0.7391304347826086,1.3043478260869565,0.13043478260869565,0.0
Óscar de Marcos,18,athletic-bilbao,D,32,"1,82",76.5,Spain,24,7,1,2,6,5,13,5,2,0,0.2,0.08333333333333333,0.041666666666666664,0.5416666666666666,0.20833333333333334,0.08333333333333333,0.0
Ander Capa,21,athletic-bilbao,D,29,"1,79",73.35000000000001,Spain,28,3,2,1,12,6,26,9,5,0,0.3333333333333333,0.03571428571428571,0.07142857142857142,0.9285714285714286,0.32142857142857145,0.17857142857142858,0.0
Peru Nolaskoain,23,athletic-bilbao,D,22,"1,85",80.55,Spain,0,0,0,0,0,0,0,0,0,0,0.0,,,,,,
Mikel Balenziaga,24,athletic-bilbao,D,33,"1,55",75.60000000000001,Spain,22,6,0,1,3,0,16,14,0,0,0.0,0.045454545454545456,0.0,0.7272727272727273,0.6363636363636364,0.0,0.0
Aitor Paredes,38,athletic-bilbao,D,21,0,0.0,Spain,0,0,0,0,0,0,0,0,0,0,0.0,,,,,,
Jon Morcillo,2,athletic-bilbao,M,22,"1,82",71.55,Spain,30,14,2,2,25,8,20,16,3,0,0.25,0.06666666666666667,0.06666666666666667,0.6666666666666666,0.5333333333333333,0.1,0.0
Mikel Vesga,6,athletic-bilbao,M,27,"1,92",82.35000000000001,Spain,29,10,0,1,22,4,39,13,7,0,0.0,0.034482758620689655,0.0,1.3448275862068966,0.4482758620689655,0.2413793103448276,0.0
Ibai Gómez,7,athletic-bilbao,M,31,"1,55",71.55,Spain,12,9,0,1,3,0,2,1,0,0,0.0,0.08333333333333333,0.0,0.16666666666666666,0.08333333333333333,0.0,0.0
Unai López,8,athletic-bilbao,M,25,"1,73",67.5,Spain,25,11,3,0,24,10,20,20,7,0,0.3,0.0,0.12,0.8,0.8,0.28,0.0
Dani García,14,athletic-bilbao,M,30,"1,55",80.55,Spain,27,6,0,1,6,1,29,22,8,0,0.0,0.037037037037037035,0.0,1.0740740740740742,0.8148148148148148,0.2962962962962963,0.0
Oihan Sancet,16,athletic-bilbao,M,21,"1,88",72.45,Spain,23,13,2,2,18,6,16,17,2,0,0.3333333333333333,0.08695652173913043,0.08695652173913043,0.6956521739130435,0.7391304347826086,0.08695652173913043,0.0
Oier Zarraga,19,athletic-bilbao,M,22,"1,79",75.60000000000001,Spain,5,4,0,0,1,0,0,2,0,0,0.0,0.0,0.0,0.0,0.4,0.0,0.0
Raúl García,22,athletic-bilbao,M,34,"1,82",82.35000000000001,Spain,34,13,5,1,46,14,50,50,6,2,0.35714285714285715,0.029411764705882353,0.14705882352941177,1.4705882352941178,1.4705882352941178,0.17647058823529413,0.058823529411764705
Unai Vencedor,27,athletic-bilbao,M,20,"1,79",70.65,Spain,27,8,0,0,9,0,30,21,6,0,0.0,0.0,0.0,1.1111111111111112,0.7777777777777778,0.2222222222222222,0.0
Beñat Prados,39,athletic-bilbao,M,20,0,0.0,Spain,0,0,0,0,0,0,0,0,0,0,0.0,,,,,,
Julen Bernaola,40,athletic-bilbao,M,22,"1,88",0.0,Spain,0,0,0,0,0,0,0,0,0,0,0.0,,,,,,
Iñaki Williams,9,athletic-bilbao,F,26,"1,85",77.4,Spain,37,10,6,6,53,17,16,36,1,0,0.35294117647058826,0.16216216216216217,0.16216216216216217,0.43243243243243246,0.972972972972973,0.02702702702702703,0.0
Iker Muniain,10,athletic-bilbao,F,28,"1,73",63.45,Spain,28,5,5,3,23,9,17,69,1,0,0.5555555555555556,0.10714285714285714,0.17857142857142858,0.6071428571428571,2.4642857142857144,0.03571428571428571,0.0
Álex Berenguer,12,athletic-bilbao,F,25,"1,79",68.4,Spain,34,8,8,3,48,14,44,43,4,0,0.5714285714285714,0.08823529411764706,0.23529411764705882,1.2941176470588236,1.2647058823529411,0.11764705882352941,0.0
Asier Villalibre,20,athletic-bilbao,F,23,"1,82",86.4,Spain,34,19,4,2,34,13,19,31,1,0,0.3076923076923077,0.058823529411764705,0.11764705882352941,0.5588235294117647,0.9117647058823529,0.029411764705882353,0.0
Iñigo Vicente,26,athletic-bilbao,F,23,"1,55",66.60000000000001,Spain,2,2,0,0,1,0,0,0,0,0,0.0,0.0,0.0,0.0,0.0,0.0,0.0
Nico Williams,30,athletic-bilbao,F,19,0,0.0,Spain,2,2,0,0,1,0,1,0,0,0,0.0,0.0,0.0,0.5,0.0,0.0,0.0
José Giménez,2,atletico-madrid,D,26,"1,85",78.3,Uruguay,20,1,0,0,12,4,18,17,5,0,0.0,0.0,0.0,0.9,0.85,0.25,0.0
Renan Lodi,12,atletico-madrid,D,23,"1,79",71.55,Brazil,22,11,1,2,11,3,17,27,2,0,0.3333333333333333,0.09090909090909091,0.045454545454545456,0.7727272727272727,1.2272727272727273,0.09090909090909091,0.0
Stefan Savic,15,atletico-madrid,D,30,"1,88",77.4,Montenegro,33,0,1,0,7,2,27,16,15,0,0.5,0.0,0.030303030303030304,0.8181818181818182,0.48484848484848486,0.45454545454545453,0.0
Felipe ,18,atletico-madrid,D,32,"1,92",76.5,Brazil,30,8,0,0,11,2,28,13,7,0,0.0,0.0,0.0,0.9333333333333333,0.43333333333333335,0.23333333333333334,0.0
Mario Hermoso,22,atletico-madrid,D,25,"1,82",72.45,Spain,30,1,1,1,18,5,28,30,4,0,0.2,0.03333333333333333,0.03333333333333333,0.9333333333333333,1.0,0.13333333333333333,0.0
Kieran Trippier,23,atletico-madrid,D,30,"1,55",70.65,England,27,0,0,6,3,1,29,15,0,0,0.0,0.2222222222222222,0.0,1.0740740740740742,0.5555555555555556,0.0,0.0
Sime Vrsaljko,24,atletico-madrid,D,29,"1,55",75.60000000000001,Croatia,9,3,0,0,0,0,8,4,2,0,0.0,0.0,0.0,0.8888888888888888,0.4444444444444444,0.2222222222222222,0.0
Álvaro García,28,atletico-madrid,D,20,"1,82",0.0,Spain,0,0,0,0,0,0,0,0,0,0,0.0,,,,,,
Ricard Sánchez Sendra,29,atletico-madrid,D,21,"1,79",0.0,Spain,1,1,0,0,1,0,0,0,0,0,0.0,0.0,0.0,0.0,0.0,0.0,0.0
Geoffrey Kondogbia,4,atletico-madrid,M,28,"1,88",78.3,Central African Republic,29,20,0,0,8,4,26,23,5,0,0.0,0.0,0.0,0.896551724137931,0.7931034482758621,0.1724137931034483,0.0
Lucas Torreira,5,atletico-madrid,M,25,"1,70",62.550000000000004,Uruguay,19,16,1,0,4,1,9,13,2,0,1.0,0.0,0.05263157894736842,0.47368421052631576,0.6842105263157895,0.10526315789473684,0.0
Koke ,6,atletico-madrid,M,29,"1,55",72.45,Spain,36,3,1,2,17,7,42,44,9,0,0.14285714285714285,0.05555555555555555,0.027777777777777776,1.1666666666666667,1.2222222222222223,0.25,0.0
Saúl Ñíguez,8,atletico-madrid,M,26,"1,82",76.5,Spain,32,11,2,1,32,13,41,14,9,0,0.15384615384615385,0.03125,0.0625,1.28125,0.4375,0.28125,0.0
Marcos Llorente,14,atletico-madrid,M,26,"1,82",72.45,Spain,36,4,12,12,47,21,53,37,6,0,0.5714285714285714,0.3333333333333333,0.3333333333333333,1.4722222222222223,1.0277777777777777,0.16666666666666666,0.0
Héctor Herrera,16,atletico-madrid,M,31,"1,55",67.5,Mexico,15,7,0,1,7,1,9,6,2,0,0.0,0.06666666666666667,0.0,0.6,0.4,0.13333333333333333,0.0
Vitolo ,20,atletico-madrid,M,31,"1,85",77.4,Spain,10,7,0,0,2,0,5,8,1,0,0.0,0.0,0.0,0.5,0.8,0.1,0.0
Yannick Carrasco,21,atletico-madrid,M,27,"1,55",70.65,Belgium,29,5,6,9,42,24,30,33,6,0,0.25,0.3103448275862069,0.20689655172413793,1.0344827586206897,1.1379310344827587,0.20689655172413793,0.0
Antonio Moya,34,atletico-madrid,M,23,"1,55",77.4,Spain,0,0,0,0,0,0,0,0,0,0,0.0,,,,,,
Josep Calavera,39,atletico-madrid,M,21,"1,55",67.5,Spain,-1,-1,-1,-1,-1,-1,-1,-1,-1,-1,1.0,1.0,1.0,1.0,1.0,1.0,1.0
Óscar Castro,41,atletico-madrid,M,19,"1,55",72.45,Spain,0,0,0,0,0,0,0,0,0,0,0.0,,,,,,
Adrian Corral,49,atletico-madrid,M,18,0,0.0,Spain,-1,-1,-1,-1,-1,-1,-1,-1,-1,-1,1.0,1.0,1.0,1.0,1.0,1.0,1.0
João Félix ,7,atletico-madrid,F,21,"1,55",62.550000000000004,Portugal,30,16,7,5,39,16,13,46,5,0,0.4375,0.16666666666666666,0.23333333333333334,0.43333333333333335,1.5333333333333334,0.16666666666666666,0.0
Luis Suárez,9,atletico-madrid,F,34,"1,82",85.5,Uruguay,31,2,20,3,100,41,18,38,6,0,0.4878048780487805,0.0967741935483871,0.6451612903225806,0.5806451612903226,1.2258064516129032,0.1935483870967742,0.0
Ángel Correa,10,atletico-madrid,F,26,"1,73",67.5,Argentina,37,9,8,8,52,22,37,28,3,0,0.36363636363636365,0.21621621621621623,0.21621621621621623,1.0,0.7567567567567568,0.08108108108108109,0.0
Thomas Lemar,11,atletico-madrid,F,25,"1,73",61.65,France,27,8,1,3,23,10,15,23,4,0,0.1,0.1111111111111111,0.037037037037037035,0.5555555555555556,0.8518518518518519,0.14814814814814814,0.0
Moussa Dembélé,19,atletico-madrid,F,24,"1,82",72.45,France,5,5,0,0,6,2,2,0,0,0,0.0,0.0,0.0,0.4,0.0,0.0,0.0
Sergio Camello,27,atletico-madrid,F,20,"1,55",67.5,Spain,0,0,0,0,0,0,0,0,0,0,0.0,,,,,,
Mario Soriano Carreno,42,atletico-madrid,F,19,0,0.0,Spain,0,0,0,0,0,0,0,0,0,0,0.0,,,,,,
Sergiño Dest,2,barcelona,D,20,"1,73",61.65,United States,29,7,2,1,14,5,15,10,1,0,0.4,0.034482758620689655,0.06896551724137931,0.5172413793103449,0.3448275862068966,0.034482758620689655,0.0
Gerard Piqué,3,barcelona,D,34,"1,95",73.35000000000001,Spain,18,0,0,0,9,2,13,5,4,0,0.0,0.0,0.0,0.7222222222222222,0.2777777777777778,0.2222222222222222,0.0
Ronald Araújo,4,barcelona,D,22,"1,88",77.4,Uruguay,23,8,2,1,12,4,11,17,2,0,0.5,0.043478260869565216,0.08695652173913043,0.4782608695652174,0.7391304347826086,0.08695652173913043,0.0
Clément Lenglet,15,barcelona,D,25,"1,85",80.55,France,33,4,1,0,12,6,50,32,8,2,0.16666666666666666,0.0,0.030303030303030304,1.5151515151515151,0.9696969696969697,0.24242424242424243,0.06060606060606061
Jordi Alba,18,barcelona,D,32,"1,73",67.5,Spain,34,0,3,5,27,10,18,15,9,0,0.3,0.14705882352941177,0.08823529411764706,0.5294117647058824,0.4411764705882353,0.2647058823529412,0.0
Sergi Roberto,20,barcelona,D,29,"1,55",67.5,Spain,15,6,1,2,5,1,7,10,1,0,1.0,0.13333333333333333,0.06666666666666667,0.4666666666666667,0.6666666666666666,0.06666666666666667,0.0
Samuel Umtiti,23,barcelona,D,27,"1,82",73.35000000000001,France,12,6,0,0,2,1,13,7,1,0,0.0,0.0,0.0,1.0833333333333333,0.5833333333333334,0.08333333333333333,0.0
Júnior Firpo,24,barcelona,D,24,"1,82",77.4,Spain,6,4,1,1,1,1,6,6,1,0,1.0,0.16666666666666666,0.16666666666666666,1.0,1.0,0.16666666666666666,0.0
Óscar Mingueza,28,barcelona,D,22,"1,82",73.35000000000001,Spain,26,4,2,2,11,5,18,16,4,0,0.4,0.07692307692307693,0.07692307692307693,0.6923076923076923,0.6153846153846154,0.15384615384615385,0.0
Santiago Ramos,32,barcelona,D,19,"1,88",71.55,Argentina,0,0,0,0,0,0,0,0,0,0,0.0,,,,,,
Sergio Busquets,5,barcelona,M,32,"1,88",72.45,Spain,35,4,0,5,3,1,40,57,8,0,0.0,0.14285714285714285,0.0,1.1428571428571428,1.6285714285714286,0.22857142857142856,0.0
Miralem Pjanic,8,barcelona,M,31,"1,55",71.55,Bosnia and Herzegovina,18,12,0,0,15,3,4,10,1,0,0.0,0.0,0.0,0.2222222222222222,0.5555555555555556,0.05555555555555555,0.0
Ricard Puig,12,barcelona,M,21,"1,73",54.45,Spain,13,11,1,0,4,2,2,9,1,0,0.5,0.0,0.07692307692307693,0.15384615384615385,0.6923076923076923,0.07692307692307693,0.0
Philippe Coutinho,14,barcelona,M,28,"1,76",67.5,Brazil,12,4,2,2,28,10,9,13,0,0,0.2,0.16666666666666666,0.16666666666666666,0.75,1.0833333333333333,0.0,0.0
Pedri ,16,barcelona,M,18,"1,79",58.5,Spain,37,9,3,3,24,7,15,42,2,0,0.42857142857142855,0.08108108108108109,0.08108108108108109,0.40540540540540543,1.135135135135135,0.05405405405405406,0.0
Matheus Fernandes ,19,barcelona,M,22,"1,82",70.65,Brazil,0,0,0,0,0,0,0,0,0,0,0.0,,,,,,
Frenkie de Jong,21,barcelona,M,24,"1,55",72.45,Netherlands,36,2,3,4,17,6,22,43,5,0,0.5,0.1111111111111111,0.08333333333333333,0.6111111111111112,1.1944444444444444,0.1388888888888889,0.0
Ilaix Moriba,27,barcelona,M,18,"1,82",0.0,Spain,13,10,1,2,13,3,13,19,1,0,0.3333333333333333,0.15384615384615385,0.07692307692307693,1.0,1.4615384615384615,0.07692307692307693,0.0
Alex Collado,30,barcelona,M,22,"1,55",65.7,Spain,0,0,0,0,0,0,0,0,0,0,0.0,,,,,,
Antoine Griezmann,7,barcelona,F,30,"1,79",72.45,France,35,4,12,7,70,33,11,33,4,0,0.36363636363636365,0.2,0.34285714285714286,0.3142857142857143,0.9428571428571428,0.11428571428571428,0.0
Martin Braithwaite,9,barcelona,F,29,"1,55",76.5,Denmark,28,17,2,2,23,7,11,20,3,0,0.2857142857142857,0.07142857142857142,0.07142857142857142,0.39285714285714285,0.7142857142857143,0.10714285714285714,0.0
Lionel Messi,10,barcelona,F,33,"1,73",71.55,Argentina,35,2,30,9,194,83,21,99,4,0,0.3614457831325301,0.2571428571428571,0.8571428571428571,0.6,2.8285714285714287,0.11428571428571428,0.0
Ousmane Dembélé,11,barcelona,F,24,"1,55",66.60000000000001,France,29,11,6,3,52,22,13,28,2,0,0.2727272727272727,0.10344827586206896,0.20689655172413793,0.4482758620689655,0.9655172413793104,0.06896551724137931,0.0
Francisco Trincão,17,barcelona,F,21,"1,82",68.4,Portugal,27,25,3,2,23,12,6,11,1,0,0.25,0.07407407407407407,0.1111111111111111,0.2222222222222222,0.4074074074074074,0.037037037037037035,0.0
Ansu Fati,22,barcelona,F,18,"1,55",65.7,Guinea-Bissau,7,1,4,0,14,7,6,11,1,0,0.5714285714285714,0.0,0.5714285714285714,0.8571428571428571,1.5714285714285714,0.14285714285714285,0.0
Konrad De La Fuente,29,barcelona,F,19,"1,73",62.550000000000004,United States,0,0,0,0,0,0,0,0,0,0,0.0,,,,,,
Hugo Mallo,2,celta-vigo,D,29,"1,76",67.5,Spain,31,1,3,1,20,11,56,28,8,0,0.2727272727272727,0.03225806451612903,0.0967741935483871,1.8064516129032258,0.9032258064516129,0.25806451612903225,0.0
David Costas,3,celta-vigo,D,26,"1,82",70.65,Spain,0,0,0,0,0,0,0,0,0,0,0.0,,,,,,
Néstor Araujo,4,celta-vigo,D,29,"1,88",86.4,Mexico,32,7,0,0,6,0,30,2,5,0,0.0,0.0,0.0,0.9375,0.0625,0.15625,0.0
Jorge ,16,celta-vigo,D,24,"1,95",73.35000000000001,Spain,0,0,0,0,0,0,0,0,0,0,0.0,,,,,,
David Juncà,17,celta-vigo,D,27,"1,79",66.60000000000001,Spain,0,0,0,0,0,0,0,0,1,0,0.0,,,,,inf,
Joseph Aidoo,18,celta-vigo,D,25,"1,55",78.3,Ghana,25,11,0,0,9,0,13,13,3,0,0.0,0.0,0.0,0.52,0.52,0.12,0.0
Aarón Martín,19,celta-vigo,D,24,"1,55",71.55,Spain,18,2,0,3,3,1,20,13,1,0,0.0,0.16666666666666666,0.0,1.1111111111111112,0.7222222222222222,0.05555555555555555,0.0
Kevin Vázquez,20,celta-vigo,D,28,"1,76",71.55,Spain,7,3,0,0,1,0,2,8,3,0,0.0,0.0,0.0,0.2857142857142857,1.1428571428571428,0.42857142857142855,0.0
Yaison Murillo,24,celta-vigo,D,27,"1,79",72.45,Colombia,31,0,2,0,9,3,44,30,10,1,0.6666666666666666,0.0,0.06451612903225806,1.4193548387096775,0.967741935483871,0.3225806451612903,0.03225806451612903
Diego Pampín,28,celta-vigo,D,21,"1,76",0.0,Spain,0,0,0,0,0,0,0,0,0,0,0.0,,,,,,
José Manuel Fontán,29,celta-vigo,D,21,0,0.0,Spain,14,7,0,0,5,3,17,3,1,1,0.0,0.0,0.0,1.2142857142857142,0.21428571428571427,0.07142857142857142,0.07142857142857142
Sergio Carreira,34,celta-vigo,D,20,"1,73",68.4,Spain,3,0,1,0,2,1,2,2,0,0,1.0,0.0,0.3333333333333333,0.6666666666666666,0.6666666666666666,0.0,0.0
Lautaro De León,38,celta-vigo,D,17,"1,79",68.4,Uruguay,1,1,0,0,0,0,1,0,0,0,0.0,0.0,0.0,1.0,0.0,0.0,0.0
Carlos Dominguez,40,celta-vigo,D,20,0,0.0,Spain,3,0,0,0,0,0,5,2,1,0,0.0,0.0,0.0,1.6666666666666667,0.6666666666666666,0.3333333333333333,0.0
Gael Alonso,45,celta-vigo,D,18,0,0.0,Spain,0,0,0,0,0,0,0,0,0,0,0.0,,,,,,
Denis Suárez,6,celta-vigo,M,27,"1,79",67.5,Spain,34,1,0,9,16,3,43,37,9,0,0.0,0.2647058823529412,0.0,1.2647058823529411,1.088235294117647,0.2647058823529412,0.0
Fran Beltrán,8,celta-vigo,M,22,"1,73",65.7,Spain,31,19,3,0,17,6,16,9,3,0,0.5,0.0,0.0967741935483871,0.5161290322580645,0.2903225806451613,0.0967741935483871,0.0
Renato Tapia,14,celta-vigo,M,25,"1,85",77.4,Peru,32,0,0,1,17,5,62,46,11,0,0.0,0.03125,0.0,1.9375,1.4375,0.34375,0.0
Augusto Solari,21,celta-vigo,M,29,"1,55",78.3,Argentina,15,12,2,2,5,3,16,3,1,0,0.6666666666666666,0.13333333333333333,0.13333333333333333,1.0666666666666667,0.2,0.06666666666666667,0.0
Brais Méndez,23,celta-vigo,M,24,"1,88",75.60000000000001,Spain,33,4,8,0,48,21,75,56,7,0,0.38095238095238093,0.0,0.24242424242424243,2.272727272727273,1.696969696969697,0.21212121212121213,0.0
Miguel Baeza,27,celta-vigo,M,21,0,0.0,Spain,21,17,1,0,11,3,5,8,0,0,0.3333333333333333,0.0,0.047619047619047616,0.23809523809523808,0.38095238095238093,0.0,0.0
Gabriel Veiga,31,celta-vigo,M,18,0,0.0,Spain,5,4,0,0,0,0,4,3,1,0,0.0,0.0,0.0,0.8,0.6,0.2,0.0
Jordan Holsgrove,39,celta-vigo,M,21,0,0.0,Scotland,5,5,0,0,1,0,3,3,0,0,0.0,0.0,0.0,0.6,0.6,0.0,0.0
Hugo Sotelo,44,celta-vigo,M,17,0,0.0,Spain,1,1,0,0,0,0,0,0,0,0,0.0,0.0,0.0,0.0,0.0,0.0,0.0
Nolito ,9,celta-vigo,F,34,"1,79",63.45,Spain,35,1,7,5,54,22,44,41,6,0,0.3181818181818182,0.14285714285714285,0.2,1.2571428571428571,1.1714285714285715,0.17142857142857143,0.0
Iago Aspas,10,celta-vigo,F,33,"1,79",66.60000000000001,Spain,32,0,13,12,46,25,23,53,8,0,0.52,0.375,0.40625,0.71875,1.65625,0.25,0.0
Emre Mor,11,celta-vigo,F,23,"1,73",62.550000000000004,Turkey,11,5,0,0,8,2,7,13,2,0,0.0,0.0,0.0,0.6363636363636364,1.1818181818181819,0.18181818181818182,0.0
Facundo Ferreyra,12,celta-vigo,F,30,"1,85",75.60000000000001,Argentina,13,11,1,0,7,2,21,6,4,1,0.5,0.0,0.07692307692307693,1.6153846153846154,0.46153846153846156,0.3076923076923077,0.07692307692307693
Santi Mina,22,celta-vigo,F,25,"1,55",76.5,Spain,33,5,12,3,45,22,60,60,4,0,0.5454545454545454,0.09090909090909091,0.36363636363636365,1.8181818181818181,1.8181818181818181,0.12121212121212122,0.0
Miguel Rodriguez,32,celta-vigo,F,18,"1,76",65.25,Spain,4,4,0,0,0,0,2,1,2,0,0.0,0.0,0.0,0.5,0.25,0.5,0.0
Alfonso González,36,celta-vigo,F,22,"1,76",58.5,Spain,2,2,0,0,1,1,0,4,0,0,0.0,0.0,0.0,0.0,2.0,0.0,0.0
Jens Jonsson,2,cadiz,D,28,"1,82",77.4,Denmark,34,2,0,0,15,2,33,23,6,0,0.0,0.0,0.0,0.9705882352941176,0.6764705882352942,0.17647058823529413,0.0
Fali Jiménez,3,cadiz,D,27,"1,85",82.35000000000001,Spain,33,5,0,0,11,2,19,25,11,0,0.0,0.0,0.0,0.5757575757575758,0.7575757575757576,0.3333333333333333,0.0
Marcos Mauro,4,cadiz,D,30,"1,92",82.35000000000001,Argentina,24,2,2,0,6,4,11,5,2,1,0.5,0.0,0.08333333333333333,0.4583333333333333,0.20833333333333334,0.08333333333333333,0.041666666666666664
Carlos Akapo,15,cadiz,D,28,"1,55",68.4,Equatorial Guinea,12,3,0,0,1,0,8,3,1,1,0.0,0.0,0.0,0.6666666666666666,0.25,0.08333333333333333,0.08333333333333333
Cala ,16,cadiz,D,31,"1,85",85.5,Spain,28,2,3,0,14,5,29,30,7,0,0.6,0.0,0.10714285714285714,1.0357142857142858,1.0714285714285714,0.25,0.0
Pedro Alcalá,19,cadiz,D,32,2,91.35000000000001,Spain,12,5,0,0,2,0,12,4,2,0,0.0,0.0,0.0,1.0,0.3333333333333333,0.16666666666666666,0.0
Isaac ,20,cadiz,D,28,"1,73",67.5,Spain,31,1,0,0,10,3,15,48,3,0,0.0,0.0,0.0,0.4838709677419355,1.5483870967741935,0.0967741935483871,0.0
Luis Alfonso Espino,22,cadiz,D,29,"1,76",70.65,Uruguay,32,1,0,3,9,4,30,21,6,0,0.0,0.09375,0.0,0.9375,0.65625,0.1875,0.0
Marc Baró,27,cadiz,D,21,0,0.0,Spain,1,0,0,0,1,1,1,3,0,0,0.0,0.0,0.0,1.0,3.0,0.0,0.0
Saturday Erimuya,28,cadiz,D,23,"1,92",72.45,Nigeria,0,0,0,0,0,0,0,0,0,0,0.0,,,,,,
Kike Carrasco,31,cadiz,D,23,0,0.0,Spain,0,0,0,0,0,0,0,0,0,0,0.0,,,,,,
Mamadou Mbaye,34,cadiz,D,22,"1,88",0.0,Senegal,0,0,0,0,0,0,0,0,0,0,0.0,,,,,,
Javí Martín,36,cadiz,D,22,0,0.0,Spain,0,0,0,0,0,0,0,0,0,0,0.0,,,,,,
Álex Martín,37,cadiz,D,23,"1,82",77.4,Spain,2,1,0,0,0,0,1,0,0,0,0.0,0.0,0.0,0.5,0.0,0.0,0.0
Luismi Quezada,0,cadiz,M,25,"1,73",65.7,Dominican Republic,-1,-1,-1,-1,-1,-1,-1,-1,-1,-1,1.0,1.0,1.0,1.0,1.0,1.0,1.0
Jon Garrido,5,cadiz,M,31,"1,85",78.3,Spain,22,15,0,0,5,1,14,6,1,0,0.0,0.0,0.0,0.6363636363636364,0.2727272727272727,0.045454545454545456,0.0
José Marí ,6,cadiz,M,33,"1,55",67.5,Spain,21,4,1,0,16,4,26,16,5,0,0.25,0.0,0.047619047619047616,1.2380952380952381,0.7619047619047619,0.23809523809523808,0.0
Salvi ,7,cadiz,M,30,"1,79",62.550000000000004,Spain,28,3,2,0,17,5,14,29,5,0,0.4,0.0,0.07142857142857142,0.5,1.0357142857142858,0.17857142857142858,0.0
Álex ,8,cadiz,M,28,"1,82",71.55,Spain,25,4,4,1,10,4,11,31,1,0,1.0,0.04,0.16,0.44,1.24,0.04,0.0
Jorge Pombo,11,cadiz,M,26,"1,55",75.60000000000001,Spain,11,6,1,0,13,4,8,12,1,0,0.25,0.0,0.09090909090909091,0.7272727272727273,1.0909090909090908,0.09090909090909091,0.0
Iván Alejo,14,cadiz,M,26,"1,82",72.45,Spain,22,16,1,1,13,4,29,22,5,0,0.25,0.045454545454545456,0.045454545454545456,1.3181818181818181,1.0,0.22727272727272727,0.0
Augusto Fernández,17,cadiz,M,35,"1,55",72.45,Argentina,11,8,0,0,0,0,4,1,1,0,0.0,0.0,0.0,0.36363636363636365,0.09090909090909091,0.09090909090909091,0.0
Jairo Izquierdo,25,cadiz,M,27,"1,67",62.550000000000004,Spain,29,18,1,0,10,3,12,14,5,0,0.3333333333333333,0.0,0.034482758620689655,0.41379310344827586,0.4827586206896552,0.1724137931034483,0.0
Álvaro Bastida,38,cadiz,M,17,"1,73",0.0,Spain,0,0,0,0,0,0,0,0,0,0,0.0,,,,,,
Anthony Lozano,9,cadiz,F,28,"1,85",72.45,Honduras,29,11,3,1,35,14,49,32,5,0,0.21428571428571427,0.034482758620689655,0.10344827586206896,1.6896551724137931,1.103448275862069,0.1724137931034483,0.0
Alberto Perea Correoso,10,cadiz,F,31,"1,55",72.45,Spain,26,11,2,2,27,6,5,32,0,0,0.3333333333333333,0.07692307692307693,0.07692307692307693,0.19230769230769232,1.2307692307692308,0.0,0.0
Ivan Saponjic,12,cadiz,F,23,"1,88",81.45,Serbia,9,6,1,0,11,6,12,16,2,0,0.16666666666666666,0.0,0.1111111111111111,1.3333333333333333,1.7777777777777777,0.2222222222222222,0.0
Álvaro Negredo,18,cadiz,F,35,"1,85",77.4,Spain,34,6,7,4,46,20,18,36,2,1,0.35,0.11764705882352941,0.20588235294117646,0.5294117647058824,1.0588235294117647,0.058823529411764705,0.029411764705882353
Rubén Sobrino,21,cadiz,F,28,"1,85",72.45,Spain,20,10,1,0,9,5,21,26,2,0,0.2,0.0,0.05,1.05,1.3,0.1,0.0
Filip Malbasic,24,cadiz,F,28,"1,82",77.4,Serbia,27,19,0,1,8,0,16,14,2,0,0.0,0.037037037037037035,0.0,0.5925925925925926,0.5185185185185185,0.07407407407407407,0.0
Mamady Diarra,29,cadiz,F,20,"1,70",0.0,Mali,0,0,0,0,0,0,0,0,0,0,0.0,,,,,,
Manuel Nieto,33,cadiz,F,23,"1,82",71.55,Spain,2,2,0,0,1,0,0,0,0,0,0.0,0.0,0.0,0.0,0.0,0.0,0.0
Esteban Burgos,2,eibar,D,29,"1,92",78.3,Argentina,14,2,3,1,5,4,14,3,5,0,0.75,0.07142857142857142,0.21428571428571427,1.0,0.21428571428571427,0.35714285714285715,0.0
Pedro Bigas,3,eibar,D,31,"1,55",82.35000000000001,Spain,20,1,0,0,10,0,21,6,1,0,0.0,0.0,0.0,1.05,0.3,0.05,0.0
Paulo Oliveira,4,eibar,D,29,"1,88",80.55,Portugal,30,2,0,1,12,3,26,7,4,0,0.0,0.03333333333333333,0.0,0.8666666666666667,0.23333333333333334,0.13333333333333333,0.0
Rafa ,11,eibar,D,26,"1,55",68.4,Portugal,18,7,0,1,2,0,8,2,2,0,0.0,0.05555555555555555,0.0,0.4444444444444444,0.1111111111111111,0.1111111111111111,0.0
José Ángel ,15,eibar,D,31,"1,82",72.45,Spain,14,3,0,0,2,0,8,4,3,0,0.0,0.0,0.0,0.5714285714285714,0.2857142857142857,0.21428571428571427,0.0
Rober Correa,20,eibar,D,28,"1,55",70.65,Spain,14,2,0,2,6,0,6,17,3,0,0.0,0.14285714285714285,0.0,0.42857142857142855,1.2142857142857142,0.21428571428571427,0.0
Anaitz Arbilla,23,eibar,D,34,"1,55",75.60000000000001,Spain,33,4,0,1,26,1,36,12,8,0,0.0,0.030303030303030304,0.0,1.0909090909090908,0.36363636363636365,0.24242424242424243,0.0
Kévin Rodrigues,24,eibar,D,27,"1,73",68.4,Portugal,22,11,1,1,10,4,9,16,1,0,0.25,0.045454545454545456,0.045454545454545456,0.4090909090909091,0.7272727272727273,0.045454545454545456,0.0
Sergio Cubero,31,eibar,D,21,"1,88",70.65,Spain,1,1,0,0,0,0,0,0,0,0,0.0,0.0,0.0,0.0,0.0,0.0,0.0
Sergio Álvarez,6,eibar,M,29,"1,82",72.45,Spain,26,9,0,0,6,2,37,16,3,0,0.0,0.0,0.0,1.4230769230769231,0.6153846153846154,0.11538461538461539,0.0
Pape Diop,8,eibar,M,35,"1,55",76.5,Senegal,32,5,1,1,27,9,38,19,7,2,0.1111111111111111,0.03125,0.03125,1.1875,0.59375,0.21875,0.0625
Edu Expósito,10,eibar,M,24,"1,55",67.5,Spain,31,4,0,3,43,9,29,27,4,0,0.0,0.0967741935483871,0.0,0.9354838709677419,0.8709677419354839,0.12903225806451613,0.0
Takashi Inui,14,eibar,M,32,"1,73",57.6,Japan,27,6,1,0,32,16,26,17,0,0,0.0625,0.0,0.037037037037037035,0.9629629629629629,0.6296296296296297,0.0,0.0
Recio ,18,eibar,M,30,"1,82",72.45,Spain,17,9,1,0,14,3,18,19,5,0,0.3333333333333333,0.0,0.058823529411764705,1.0588235294117647,1.1176470588235294,0.29411764705882354,0.0
Aleix García,19,eibar,M,23,"1,76",67.5,Spain,11,6,0,1,3,1,4,1,1,0,0.0,0.09090909090909091,0.0,0.36363636363636365,0.09090909090909091,0.09090909090909091,0.0
Pedro León,21,eibar,M,34,"1,82",68.4,Spain,23,13,1,2,18,5,10,10,2,0,0.2,0.08695652173913043,0.043478260869565216,0.43478260869565216,0.43478260869565216,0.08695652173913043,0.0
Alejandro Pozo,22,eibar,M,22,"1,79",68.4,Spain,29,5,0,0,11,1,20,18,4,0,0.0,0.0,0.0,0.6896551724137931,0.6206896551724138,0.13793103448275862,0.0
Eñaut Mendía,28,eibar,M,21,0,0.0,Spain,1,0,0,0,1,0,3,0,1,0,0.0,0.0,0.0,3.0,0.0,1.0,0.0
Unai Dufur,29,eibar,M,22,0,0.0,Spain,1,0,0,0,0,0,1,0,0,0,0.0,0.0,0.0,1.0,0.0,0.0,0.0
Miguel Atienza,33,eibar,M,21,"1,85",0.0,Spain,11,3,0,0,5,0,6,2,1,0,0.0,0.0,0.0,0.5454545454545454,0.18181818181818182,0.09090909090909091,0.0
Quique González,7,eibar,F,31,"1,55",77.4,Spain,11,11,0,0,3,1,2,4,0,0,0.0,0.0,0.0,0.18181818181818182,0.36363636363636365,0.0,0.0
Sergi Enrich,9,eibar,F,31,"1,55",76.5,Spain,26,14,3,0,39,13,28,18,1,0,0.23076923076923078,0.0,0.11538461538461539,1.0769230769230769,0.6923076923076923,0.038461538461538464,0.0
Yoshinori Muto,12,eibar,F,28,"1,55",71.55,Japan,26,13,1,1,22,5,28,15,1,0,0.2,0.038461538461538464,0.038461538461538464,1.0769230769230769,0.5769230769230769,0.038461538461538464,0.0
Kike ,17,eibar,F,31,"1,85",77.4,Spain,36,1,12,2,85,33,62,90,2,1,0.36363636363636365,0.05555555555555555,0.3333333333333333,1.7222222222222223,2.5,0.05555555555555555,0.027777777777777776
Bryan Gil Salvatierra,25,eibar,F,20,"1,79",58.5,Spain,28,3,4,3,40,16,25,43,6,0,0.25,0.10714285714285714,0.14285714285714285,0.8928571428571429,1.5357142857142858,0.21428571428571427,0.0
Unai Arietaleanizbeaskoa,32,eibar,F,22,"1,79",68.4,Spain,4,4,0,0,1,0,3,1,1,0,0.0,0.0,0.0,0.75,0.25,0.25,0.0
Diego González,2,elche,D,26,"1,85",82.35000000000001,Spain,19,4,1,0,7,3,19,3,5,0,0.3333333333333333,0.0,0.05263157894736842,1.0,0.15789473684210525,0.2631578947368421,0.0
Gonzalo Verdú,5,elche,D,32,"1,85",78.3,Spain,32,0,0,2,12,4,30,40,11,0,0.0,0.0625,0.0,0.9375,1.25,0.34375,0.0
Daniel Calvo,12,elche,D,27,"1,92",81.45,Spain,22,4,2,0,8,4,19,14,3,0,0.5,0.0,0.09090909090909091,0.8636363636363636,0.6363636363636364,0.13636363636363635,0.0
Helibelton Palacios,18,elche,D,27,"1,55",73.35000000000001,Colombia,10,2,0,0,0,0,4,7,0,0,0.0,0.0,0.0,0.4,0.7,0.0,0.0
Antonio Barragán,19,elche,D,33,"1,82",75.60000000000001,Spain,26,1,0,3,6,0,34,25,8,0,0.0,0.11538461538461539,0.0,1.3076923076923077,0.9615384615384616,0.3076923076923077,0.0
Cifuentes ,23,elche,D,30,"1,79",65.7,Spain,11,7,0,0,3,0,6,6,1,0,0.0,0.0,0.0,0.5454545454545454,0.5454545454545454,0.09090909090909091,0.0
Josema ,24,elche,D,24,"1,82",80.55,Spain,28,7,0,1,6,0,22,18,4,0,0.0,0.03571428571428571,0.0,0.7857142857142857,0.6428571428571429,0.14285714285714285,0.0
Johan Mojica,25,elche,D,28,"1,85",65.7,Colombia,16,2,0,0,8,2,16,12,3,0,0.0,0.0,0.0,1.0,0.75,0.1875,0.0
Cheikh Diamanka,27,elche,D,20,0,0.0,Spain,0,0,0,0,0,0,0,0,0,0,0.0,,,,,,
Gerard Barri,32,elche,D,20,0,0.0,Spain,0,0,0,0,0,0,0,0,0,0,0.0,,,,,,
José Salinas,33,elche,D,20,0,0.0,Spain,0,0,0,0,0,0,0,0,0,0,0.0,,,,,,
Iván Marcone,4,elche,M,32,"1,82",77.4,Argentina,32,2,0,0,2,0,30,19,9,1,0.0,0.0,0.0,0.9375,0.59375,0.28125,0.03125
Omenuke Mfulu,6,elche,M,29,"1,82",75.60000000000001,Congo DR,19,11,0,0,1,0,12,5,3,0,0.0,0.0,0.0,0.631578947368421,0.2631578947368421,0.15789473684210525,0.0
Víctor Rodríguez,8,elche,M,31,"1,73",68.4,Spain,16,14,0,0,0,0,7,8,1,0,0.0,0.0,0.0,0.4375,0.5,0.0625,0.0
José Antonio Morente,11,elche,M,24,"1,55",75.60000000000001,Spain,30,7,2,5,19,3,26,34,5,0,0.6666666666666666,0.16666666666666666,0.06666666666666667,0.8666666666666667,1.1333333333333333,0.16666666666666666,0.0
Raúl Guti,14,elche,M,24,"1,55",72.45,Spain,35,3,2,1,27,6,33,52,2,1,0.3333333333333333,0.02857142857142857,0.05714285714285714,0.9428571428571428,1.4857142857142858,0.05714285714285714,0.02857142857142857
Luismi ,15,elche,M,29,"1,55",72.45,Spain,11,9,0,0,0,0,6,1,0,0,0.0,0.0,0.0,0.5454545454545454,0.09090909090909091,0.0,0.0
Fidel ,16,elche,M,31,"1,55",72.45,Spain,29,2,6,3,16,6,26,42,8,0,1.0,0.10344827586206896,0.20689655172413793,0.896551724137931,1.4482758620689655,0.27586206896551724,0.0
Josan ,17,elche,M,31,"1,79",67.5,Spain,32,9,4,2,15,8,23,27,3,0,0.5,0.0625,0.125,0.71875,0.84375,0.09375,0.0
Emiliano Rigoni,22,elche,M,28,"1,55",68.4,Argentina,23,11,1,1,16,6,21,7,5,0,0.16666666666666666,0.043478260869565216,0.043478260869565216,0.9130434782608695,0.30434782608695654,0.21739130434782608,0.0
John Donald,26,elche,M,20,0,0.0,Spain,2,1,0,0,0,0,0,0,0,0,0.0,0.0,0.0,0.0,0.0,0.0,0.0
Cesar Moreno,30,elche,M,20,"1,82",70.65,Spain,0,0,0,0,0,0,0,0,0,0,0.0,,,,,,
Nino ,7,elche,F,40,"1,73",67.5,Spain,15,15,0,0,3,1,4,6,1,0,0.0,0.0,0.0,0.26666666666666666,0.4,0.06666666666666667,0.0
Lucas Boyé,9,elche,F,25,"1,55",80.55,Argentina,33,2,6,1,54,19,87,33,7,1,0.3157894736842105,0.030303030303030304,0.18181818181818182,2.6363636363636362,1.0,0.21212121212121213,0.030303030303030304
Pere Milla,10,elche,F,28,"1,82",71.55,Spain,31,10,4,2,29,11,29,55,6,0,0.36363636363636365,0.06451612903225806,0.12903225806451613,0.9354838709677419,1.7741935483870968,0.1935483870967742,0.0
Pablo Piatti,20,elche,F,32,"1,64",62.550000000000004,Argentina,8,6,0,0,3,2,8,8,0,0,0.0,0.0,0.0,1.0,1.0,0.0,0.0
Guido Carrillo,21,elche,F,29,"1,92",86.4,Argentina,21,10,3,2,26,7,28,14,3,0,0.42857142857142855,0.09523809523809523,0.14285714285714285,1.3333333333333333,0.6666666666666666,0.14285714285714285,0.0
Ignacio Ramon,29,elche,F,22,0,0.0,Spain,-1,-1,-1,-1,-1,-1,-1,-1,-1,-1,1.0,1.0,1.0,1.0,1.0,1.0,1.0
Jonatan Carmona Álamo,37,elche,F,19,0,0.0,Spain,1,0,0,0,1,0,0,2,0,0,0.0,0.0,0.0,0.0,2.0,0.0,0.0
Diego Bri,40,elche,F,18,0,0.0,Spain,0,0,0,0,0,0,0,0,0,0,0.0,,,,,,
Djené Dakonam,2,getafe,D,29,"1,88",71.55,Togo,33,0,0,1,2,0,35,35,7,2,0.0,0.030303030303030304,0.0,1.0606060606060606,1.0606060606060606,0.21212121212121213,0.06060606060606061
Erick Cabaco,3,getafe,D,26,"1,85",82.35000000000001,Uruguay,19,4,0,0,5,0,23,20,8,0,0.0,0.0,0.0,1.2105263157894737,1.0526315789473684,0.42105263157894735,0.0
Xabier Etxeita,4,getafe,D,33,"1,85",77.4,Spain,11,2,0,0,6,1,13,2,3,0,0.0,0.0,0.0,1.1818181818181819,0.18181818181818182,0.2727272727272727,0.0
Chema ,6,getafe,D,29,"1,88",78.3,Spain,9,3,0,0,3,1,12,3,3,1,0.0,0.0,0.0,1.3333333333333333,0.3333333333333333,0.3333333333333333,0.1111111111111111
Allan Nyom,12,getafe,D,33,"1,73",78.3,Cameroon,30,3,0,2,10,2,41,18,10,1,0.0,0.06666666666666667,0.0,1.3666666666666667,0.6,0.3333333333333333,0.03333333333333333
Mathías Olivera,17,getafe,D,23,"1,82",77.4,Uruguay,31,1,0,0,17,3,26,24,6,0,0.0,0.0,0.0,0.8387096774193549,0.7741935483870968,0.1935483870967742,0.0
Sofian Chakla,21,getafe,D,27,"1,88",76.5,Morocco,12,3,0,0,5,2,13,15,5,0,0.0,0.0,0.0,1.0833333333333333,1.25,0.4166666666666667,0.0
Damián Suárez,22,getafe,D,33,"1,76",59.4,Uruguay,30,3,1,0,10,2,53,37,12,1,0.5,0.0,0.03333333333333333,1.7666666666666666,1.2333333333333334,0.4,0.03333333333333333
Juan Antonio Iglesias,29,getafe,D,22,0,0.0,Spain,9,3,0,0,3,1,13,16,2,0,0.0,0.0,0.0,1.4444444444444444,1.7777777777777777,0.2222222222222222,0.0
Ryan Nolan,37,getafe,D,22,0,0.0,Ireland,0,0,0,0,0,0,0,0,0,0,0.0,,,,,,
Amankwaa Akurugu,40,getafe,D,19,0,0.0,Ghana,1,1,0,0,0,0,0,0,0,0,0.0,0.0,0.0,0.0,0.0,0.0,0.0
Chinchu,41,getafe,D,19,0,0.0,Spain,0,0,0,0,0,0,0,0,0,0,0.0,,,,,,
Takefusa Kubo,5,getafe,M,19,"1,76",66.60000000000001,Japan,30,21,1,1,22,8,20,29,3,0,0.125,0.03333333333333333,0.03333333333333333,0.6666666666666666,0.9666666666666667,0.1,0.0
Francisco Portillo,8,getafe,M,30,"1,73",58.5,Spain,16,13,0,1,0,0,2,4,1,0,0.0,0.0625,0.0,0.125,0.25,0.0625,0.0
Carles Aleñá,11,getafe,M,23,"1,55",72.45,Spain,23,9,2,2,29,7,21,25,2,0,0.2857142857142857,0.08695652173913043,0.08695652173913043,0.9130434782608695,1.0869565217391304,0.08695652173913043,0.0
Marc Cucurella,15,getafe,M,22,"1,79",66.60000000000001,Spain,36,0,3,2,28,8,66,58,8,0,0.375,0.05555555555555555,0.08333333333333333,1.8333333333333333,1.6111111111111112,0.2222222222222222,0.0
Mauro Arambarri,18,getafe,M,25,"1,79",72.45,Uruguay,34,1,3,0,46,9,53,73,10,0,0.3333333333333333,0.0,0.08823529411764706,1.5588235294117647,2.1470588235294117,0.29411764705882354,0.0
Nemanja Maksimovic,20,getafe,M,26,"1,88",77.4,Serbia,34,1,1,0,17,5,22,9,4,0,0.2,0.0,0.029411764705882353,0.6470588235294118,0.2647058823529412,0.11764705882352941,0.0
David Timor,24,getafe,M,31,"1,85",78.3,Spain,30,15,0,0,18,3,17,14,5,1,0.0,0.0,0.0,0.5666666666666667,0.4666666666666667,0.16666666666666666,0.03333333333333333
David Alba,28,getafe,M,22,0,0.0,Spain,0,0,0,0,0,0,0,0,0,0,0.0,,,,,,
Josete ,32,getafe,M,22,"1,73",0.0,Equatorial Guinea,3,3,0,0,1,0,2,1,1,0,0.0,0.0,0.0,0.6666666666666666,0.3333333333333333,0.3333333333333333,0.0
Sabit Abdulai,35,getafe,M,22,0,0.0,Ghana,2,2,0,0,0,0,0,1,0,0,0.0,0.0,0.0,0.0,0.5,0.0,0.0
John Finn,38,getafe,M,17,0,0.0,Spain,0,0,0,0,0,0,0,0,0,0,0.0,,,,,,
Jaime Mata,7,getafe,F,32,"1,85",77.4,Spain,32,9,5,0,39,15,63,36,10,1,0.3333333333333333,0.0,0.15625,1.96875,1.125,0.3125,0.03125
Ángel Rodríguez,9,getafe,F,34,"1,76",67.5,Spain,33,21,5,0,37,12,23,22,4,0,0.4166666666666667,0.0,0.15151515151515152,0.696969696969697,0.6666666666666666,0.12121212121212122,0.0
Enes Ünal,10,getafe,F,24,"1,85",73.35000000000001,Turkey,27,13,4,2,32,8,37,32,4,0,0.5,0.07407407407407407,0.14814814814814814,1.3703703703703705,1.1851851851851851,0.14814814814814814,0.0
Darío Poveda,19,getafe,F,24,"1,85",73.35000000000001,Spain,1,1,0,0,0,0,1,0,0,0,0.0,0.0,0.0,1.0,0.0,0.0,0.0
Juan Hernández,23,getafe,F,26,"1,55",62.550000000000004,Spain,22,4,2,2,27,11,32,31,5,0,0.18181818181818182,0.09090909090909091,0.09090909090909091,1.4545454545454546,1.4090909090909092,0.22727272727272727,0.0
Mamor Niang,39,getafe,F,19,0,0.0,Spain,1,1,0,0,1,0,0,1,0,0,0.0,0.0,0.0,0.0,1.0,0.0,0.0
Neyder Lozano,0,granada,D,27,"1,85",81.45,Colombia,-1,-1,-1,-1,-1,-1,-1,-1,-1,-1,1.0,1.0,1.0,1.0,1.0,1.0,1.0
Dimitri Foulquier,2,granada,D,28,"1,82",71.55,Guadeloupe,31,0,0,4,9,5,29,22,7,0,0.0,0.12903225806451613,0.0,0.9354838709677419,0.7096774193548387,0.22580645161290322,0.0
Nehuén Pérez,3,granada,D,20,"1,82",73.35000000000001,Argentina,14,5,0,0,5,1,10,1,4,0,0.0,0.0,0.0,0.7142857142857143,0.07142857142857142,0.2857142857142857,0.0
German ,6,granada,D,34,"1,88",81.45,Spain,33,5,3,1,12,4,28,30,9,1,0.75,0.030303030303030304,0.09090909090909091,0.8484848484848485,0.9090909090909091,0.2727272727272727,0.030303030303030304
Carlos Neva,15,granada,D,24,"1,79",62.550000000000004,Spain,22,1,0,0,8,1,7,25,1,0,0.0,0.0,0.0,0.3181818181818182,1.1363636363636365,0.045454545454545456,0.0
Víctor Díaz,16,granada,D,32,"1,82",70.65,Spain,16,9,0,2,5,1,7,1,3,0,0.0,0.125,0.0,0.4375,0.0625,0.1875,0.0
Quini ,17,granada,D,31,"1,55",72.45,Spain,19,7,1,0,8,3,18,9,5,0,0.3333333333333333,0.0,0.05263157894736842,0.9473684210526315,0.47368421052631576,0.2631578947368421,0.0
Adrián Marín,18,granada,D,24,"1,55",72.45,Spain,13,9,0,1,2,0,6,2,1,0,0.0,0.07692307692307693,0.0,0.46153846153846156,0.15384615384615385,0.07692307692307693,0.0
Jesús Vallejo,20,granada,D,23,"1,82",77.4,Spain,20,6,0,0,1,0,12,5,2,1,0.0,0.0,0.0,0.6,0.25,0.1,0.05
Domingos Duarte,22,granada,D,26,"1,95",78.3,Portugal,29,2,1,0,6,2,22,20,5,1,0.5,0.0,0.034482758620689655,0.7586206896551724,0.6896551724137931,0.1724137931034483,0.034482758620689655
Pepe Sanchez,28,granada,D,21,"1,85",62.550000000000004,Spain,2,0,0,0,1,0,2,1,0,0,0.0,0.0,0.0,1.0,0.5,0.0,0.0
Carlos León,40,granada,D,18,0,0.0,Spain,0,0,0,0,0,0,0,0,0,0,0.0,,,,,,
Kingsley Fobi,44,granada,D,22,"1,55",0.0,Ghana,1,1,0,0,0,0,0,1,0,0,0.0,0.0,0.0,0.0,1.0,0.0,0.0
Maxime Gonalons,4,granada,M,32,"1,88",75.60000000000001,France,25,7,0,1,4,1,30,27,7,1,0.0,0.04,0.0,1.2,1.08,0.28,0.04
Luis Milla,5,granada,M,26,"1,79",66.60000000000001,Spain,16,2,1,1,10,3,16,20,1,0,0.3333333333333333,0.0625,0.0625,1.0,1.25,0.0625,0.0
Yan Eteki,8,granada,M,23,"1,55",68.4,Cameroon,24,9,0,0,6,3,43,17,3,1,0.0,0.0,0.0,1.7916666666666667,0.7083333333333334,0.125,0.041666666666666664
Antonio Puertas,10,granada,M,29,"1,82",76.5,Spain,34,13,3,5,25,11,29,22,6,0,0.2727272727272727,0.14705882352941177,0.08823529411764706,0.8529411764705882,0.6470588235294118,0.17647058823529413,0.0
Domingos Quina,12,granada,M,21,"1,55",71.55,Portugal,8,3,2,0,8,3,5,10,1,0,0.6666666666666666,0.0,0.25,0.625,1.25,0.125,0.0
Fede Vico,14,granada,M,26,"1,79",68.4,Spain,19,11,0,0,10,3,2,15,1,0,0.0,0.0,0.0,0.10526315789473684,0.7894736842105263,0.05263157894736842,0.0
Ángel Montoro,19,granada,M,32,"1,55",71.55,Spain,22,5,1,1,15,2,23,20,7,0,0.5,0.045454545454545456,0.045454545454545456,1.0454545454545454,0.9090909090909091,0.3181818181818182,0.0
Yangel Herrera,21,granada,M,23,"1,82",77.4,Venezuela,32,7,3,1,33,7,67,59,7,0,0.42857142857142855,0.03125,0.09375,2.09375,1.84375,0.21875,0.0
Alberto Soro,26,granada,M,22,"1,76",62.550000000000004,Spain,14,12,1,2,1,1,10,8,0,0,1.0,0.14285714285714285,0.07142857142857142,0.7142857142857143,0.5714285714285714,0.0,0.0
Antonio Aranda,27,granada,M,20,"1,79",61.65,Spain,0,0,0,0,0,0,0,0,0,0,0.0,,,,,,
Isma Ruiz,29,granada,M,20,"1,55",66.60000000000001,Spain,1,0,0,0,0,0,0,0,0,0,0.0,0.0,0.0,0.0,0.0,0.0,0.0
Raúl Torrente,30,granada,M,20,0,0.0,Spain,0,0,0,0,0,0,0,0,0,0,0.0,,,,,,
Juan Brunet,36,granada,M,23,"1,92",0.0,Argentina,1,1,0,0,0,0,1,0,0,0,0.0,0.0,0.0,1.0,0.0,0.0,0.0
Álvaro Bravo,37,granada,M,23,"1,55",68.4,Spain,1,1,0,0,0,0,0,0,0,0,0.0,0.0,0.0,0.0,0.0,0.0,0.0
Eris Abedini,39,granada,M,22,"1,92",75.60000000000001,Kosovo,0,0,0,0,0,0,0,0,0,0,0.0,,,,,,
Sergio Barcia,42,granada,M,20,0,0.0,Spain,1,0,0,0,0,0,2,1,1,0,0.0,0.0,0.0,2.0,1.0,1.0,0.0
Luis Suárez,7,granada,F,23,"1,85",72.45,Colombia,26,9,5,1,45,15,26,28,6,0,0.3333333333333333,0.038461538461538464,0.19230769230769232,1.0,1.0769230769230769,0.23076923076923078,0.0
Roberto Soldado,9,granada,F,35,"1,55",71.55,Spain,28,12,9,0,29,12,22,13,7,1,0.75,0.0,0.32142857142857145,0.7857142857142857,0.4642857142857143,0.25,0.03571428571428571
Darwin Machis,11,granada,F,28,"1,73",67.5,Venezuela,31,10,5,5,47,20,29,45,1,0,0.25,0.16129032258064516,0.16129032258064516,0.9354838709677419,1.4516129032258065,0.03225806451612903,0.0
Jorge Molina,23,granada,F,39,"1,88",71.55,Spain,32,16,8,2,23,12,23,27,3,0,0.6666666666666666,0.0625,0.25,0.71875,0.84375,0.09375,0.0
Kenedy ,24,granada,F,25,"1,82",76.5,Brazil,28,10,4,3,37,11,29,22,3,0,0.36363636363636365,0.10714285714285714,0.14285714285714285,1.0357142857142858,0.7857142857142857,0.10714285714285714,0.0
Echu ,33,granada,F,23,"1,76",63.45,Spain,0,0,0,0,0,0,0,0,0,0,0.0,,,,,,
Daniel Plomer,38,granada,F,22,"1,55",71.55,Spain,1,1,0,0,0,0,0,0,0,0,0.0,0.0,0.0,0.0,0.0,0.0,0.0
Pablo Maffeo,3,huesca,D,23,"1,76",68.4,Spain,24,0,1,4,11,5,12,40,4,0,0.2,0.16666666666666666,0.041666666666666664,0.5,1.6666666666666667,0.16666666666666666,0.0
Pablo Insua,4,huesca,D,27,"1,88",78.3,Spain,20,3,0,0,3,0,27,5,9,0,0.0,0.0,0.0,1.35,0.25,0.45,0.0
Javier Galán,11,huesca,D,26,"1,76",68.4,Spain,37,3,1,2,9,1,57,98,5,0,1.0,0.05405405405405406,0.02702702702702703,1.5405405405405406,2.6486486486486487,0.13513513513513514,0.0
Jorge Pulido,14,huesca,D,30,"1,85",71.55,Spain,32,1,1,0,17,2,35,25,5,1,0.5,0.0,0.03125,1.09375,0.78125,0.15625,0.03125
Luisinho ,16,huesca,D,36,"1,73",65.7,Portugal,5,3,0,0,1,0,0,4,1,0,0.0,0.0,0.0,0.0,0.8,0.2,0.0
Dimitrios Siovas,18,huesca,D,32,"1,95",82.35000000000001,Greece,35,2,2,0,27,8,35,9,4,0,0.25,0.0,0.05714285714285714,1.0,0.2571428571428571,0.11428571428571428,0.0
Pedro López,19,huesca,D,37,"1,79",71.55,Spain,21,11,0,1,3,0,14,15,2,0,0.0,0.047619047619047616,0.0,0.6666666666666666,0.7142857142857143,0.09523809523809523,0.0
Gastón Silva,22,huesca,D,27,"1,85",72.45,Uruguay,11,5,0,0,1,1,9,2,2,0,0.0,0.0,0.0,0.8181818181818182,0.18181818181818182,0.18181818181818182,0.0
Denis Vavro,25,huesca,D,25,"1,88",80.55,Slovakia,10,2,0,0,8,2,6,4,1,0,0.0,0.0,0.0,0.6,0.4,0.1,0.0
Manuel Galan,28,huesca,D,22,"1,82",0.0,Spain,-1,-1,-1,-1,-1,-1,-1,-1,-1,-1,1.0,1.0,1.0,1.0,1.0,1.0,1.0
Jorge Cofrades,29,huesca,D,20,0,0.0,Spain,-1,-1,-1,-1,-1,-1,-1,-1,-1,-1,1.0,1.0,1.0,1.0,1.0,1.0,1.0
Idrissa Doumbia,2,huesca,M,23,"1,85",77.4,Ivory Coast,22,15,0,0,4,0,12,5,4,0,0.0,0.0,0.0,0.5454545454545454,0.22727272727272727,0.18181818181818182,0.0
Pedro Mosquera,5,huesca,M,33,"1,82",73.35000000000001,Spain,27,3,0,0,8,2,26,21,1,0,0.0,0.0,0.0,0.9629629629629629,0.7777777777777778,0.037037037037037035,0.0
David Ferreiro,7,huesca,M,33,"1,73",62.550000000000004,Spain,36,8,2,4,26,12,49,37,4,0,0.16666666666666666,0.1111111111111111,0.05555555555555555,1.3611111111111112,1.0277777777777777,0.1111111111111111,0.0
Eugeni Valderrama,8,huesca,M,26,"1,82",72.45,Spain,3,2,0,0,0,0,0,3,0,0,0.0,0.0,0.0,0.0,1.0,0.0,0.0
Sergio Gómez,10,huesca,M,20,"1,73",67.5,Spain,28,25,0,1,8,2,6,7,1,0,0.0,0.03571428571428571,0.0,0.21428571428571427,0.25,0.03571428571428571,0.0
Javi Ontiveros,15,huesca,M,23,"1,73",73.35000000000001,Spain,20,10,2,1,36,9,26,32,5,0,0.2222222222222222,0.05,0.1,1.3,1.6,0.25,0.0
Mikel Rico,17,huesca,M,36,"1,55",73.35000000000001,Spain,31,5,1,4,17,6,17,21,2,0,0.16666666666666666,0.12903225806451613,0.03225806451612903,0.5483870967741935,0.6774193548387096,0.06451612903225806,0.0
Jaime Seoane,20,huesca,M,24,"1,79",72.45,Spain,28,6,1,1,21,8,40,32,5,0,0.125,0.03571428571428571,0.03571428571428571,1.4285714285714286,1.1428571428571428,0.17857142857142858,0.0
Juan Carlos,21,huesca,M,30,"1,82",72.45,Spain,15,12,0,1,5,1,13,7,0,0,0.0,0.06666666666666667,0.0,0.8666666666666667,0.4666666666666667,0.0,0.0
Borja García,24,huesca,M,30,"1,79",71.55,Spain,20,7,1,0,12,2,3,33,0,0,0.5,0.0,0.05,0.15,1.65,0.0,0.0
Sandro Ramírez,6,huesca,F,25,"1,79",70.65,Spain,19,4,5,1,21,12,17,46,2,0,0.4166666666666667,0.05263157894736842,0.2631578947368421,0.8947368421052632,2.4210526315789473,0.10526315789473684,0.0
Rafael Mir Vicente,9,huesca,F,23,"1,92",85.5,Spain,37,6,13,1,116,43,57,20,2,0,0.3023255813953488,0.02702702702702703,0.35135135135135137,1.5405405405405406,0.5405405405405406,0.05405405405405406,0.0
Shinji Okazaki,12,huesca,F,35,"1,79",68.4,Japan,24,10,1,1,18,4,14,14,1,0,0.25,0.041666666666666664,0.041666666666666664,0.5833333333333334,0.5833333333333334,0.041666666666666664,0.0
Dani Escriche,23,huesca,F,23,"1,55",73.35000000000001,Spain,23,16,1,1,11,1,19,16,5,1,1.0,0.043478260869565216,0.043478260869565216,0.8260869565217391,0.6956521739130435,0.21739130434782608,0.043478260869565216
Kevin Omoruyi,27,huesca,F,20,0,0.0,Spain,0,0,0,0,0,0,0,0,0,0,0.0,,,,,,
Gustavo Abizanda,31,huesca,F,21,0,0.0,Spain,-1,-1,-1,-1,-1,-1,-1,-1,-1,-1,1.0,1.0,1.0,1.0,1.0,1.0,1.0
Son ,2,levante,D,27,"1,55",68.4,Spain,27,18,0,0,8,5,14,12,3,0,0.0,0.0,0.0,0.5185185185185185,0.4444444444444444,0.1111111111111111,0.0
Toño ,3,levante,D,31,"1,55",67.5,Spain,11,3,0,1,2,0,10,10,2,0,0.0,0.09090909090909091,0.0,0.9090909090909091,0.9090909090909091,0.18181818181818182,0.0
Róber ,4,levante,D,26,"1,82",72.45,Spain,18,3,0,1,5,0,18,5,3,1,0.0,0.05555555555555555,0.0,1.0,0.2777777777777778,0.16666666666666666,0.05555555555555555
Óscar Duarte,6,levante,D,31,"1,82",80.55,Costa Rica,28,6,1,0,7,3,33,6,2,0,0.3333333333333333,0.0,0.03571428571428571,1.1785714285714286,0.21428571428571427,0.07142857142857142,0.0
Rúben Vezo,14,levante,D,27,"1,82",78.3,Portugal,32,7,1,0,6,3,26,19,7,0,0.3333333333333333,0.0,0.03125,0.8125,0.59375,0.21875,0.0
Sergio Postigo,15,levante,D,32,"1,82",77.4,Spain,22,3,0,0,2,1,15,12,4,0,0.0,0.0,0.0,0.6818181818181818,0.5454545454545454,0.18181818181818182,0.0
Carlos Clerc,19,levante,D,29,"1,82",71.55,Spain,34,4,0,2,6,4,37,34,5,0,0.0,0.058823529411764705,0.0,1.088235294117647,1.0,0.14705882352941177,0.0
Jorge Miramón,20,levante,D,31,"1,79",72.45,Spain,26,7,0,3,10,0,15,11,1,0,0.0,0.11538461538461539,0.0,0.5769230769230769,0.4230769230769231,0.038461538461538464,0.0
Coke ,23,levante,D,34,"1,82",77.4,Spain,16,5,0,0,8,1,10,8,1,0,0.0,0.0,0.0,0.625,0.5,0.0625,0.0
Eusebio Monzó,39,levante,D,20,"1,88",0.0,Spain,0,0,0,0,0,0,0,0,0,0,0.0,,,,,,
Nemanja Radoja,5,levante,M,28,"1,85",76.5,Serbia,21,8,0,2,6,0,16,8,1,0,0.0,0.09523809523809523,0.0,0.7619047619047619,0.38095238095238093,0.047619047619047616,0.0
Enis Bardhi,10,levante,M,25,"1,76",66.60000000000001,North Macedonia,25,7,1,2,34,12,25,23,4,0,0.08333333333333333,0.08,0.04,1.0,0.92,0.16,0.0
José Luis Morales,11,levante,M,33,"1,55",68.4,Spain,37,7,13,3,56,26,17,18,3,0,0.5,0.08108108108108109,0.35135135135135137,0.4594594594594595,0.4864864864864865,0.08108108108108109,0.0
Mickael Malsa,12,levante,M,35,"1,55",67.5,Martinique,34,10,1,0,22,7,33,35,5,0,0.14285714285714285,0.0,0.029411764705882353,0.9705882352941176,1.0294117647058822,0.14705882352941177,0.0
Rubén Rochina,16,levante,M,30,"1,82",75.60000000000001,Spain,25,8,0,2,35,7,39,31,5,0,0.0,0.08,0.0,1.56,1.24,0.2,0.0
Nikola Vukcevic,17,levante,M,29,"1,82",75.60000000000001,Montenegro,13,2,0,0,2,0,17,7,4,0,0.0,0.0,0.0,1.3076923076923077,0.5384615384615384,0.3076923076923077,0.0
Jorge de Frutos,18,levante,M,24,"1,76",71.55,Spain,36,15,4,8,24,11,32,28,3,0,0.36363636363636365,0.2222222222222222,0.1111111111111111,0.8888888888888888,0.7777777777777778,0.08333333333333333,0.0
Gonzalo Melero,22,levante,M,27,"1,82",76.5,Spain,28,8,6,1,25,8,24,33,4,0,0.75,0.03571428571428571,0.21428571428571427,0.8571428571428571,1.1785714285714286,0.14285714285714285,0.0
José Campaña,24,levante,M,27,"1,55",68.4,Spain,9,1,1,2,13,5,7,13,1,0,0.2,0.2222222222222222,0.1111111111111111,0.7777777777777778,1.4444444444444444,0.1111111111111111,0.0
Cheick Doukouré,25,levante,M,28,"1,55",81.45,Ivory Coast,7,7,0,0,0,0,7,3,1,0,0.0,0.0,0.0,1.0,0.42857142857142855,0.14285714285714285,0.0
Alejandro Blesa,27,levante,M,19,0,0.0,Spain,0,0,0,0,0,0,0,0,0,0,0.0,,,,,,
Alejandro Cantero,29,levante,M,20,0,0.0,Spain,3,0,0,0,4,0,3,1,1,0,0.0,0.0,0.0,1.0,0.3333333333333333,0.3333333333333333,0.0
Giorgi Kochorashvili,43,levante,M,21,"1,55",72.45,Georgia,3,3,0,0,1,0,1,2,0,0,0.0,0.0,0.0,0.3333333333333333,0.6666666666666666,0.0,0.0
Edgar Sevikyan,44,levante,M,19,"1,79",0.0,Russia,1,1,0,0,0,0,0,1,0,0,0.0,0.0,0.0,0.0,1.0,0.0,0.0
Sergio León,7,levante,F,32,"1,55",72.45,Spain,28,22,2,0,19,5,12,6,1,0,0.4,0.0,0.07142857142857142,0.42857142857142855,0.21428571428571427,0.03571428571428571,0.0
Roger Martí,9,levante,F,30,"1,55",72.45,Spain,32,7,11,2,42,22,41,24,4,0,0.5,0.0625,0.34375,1.28125,0.75,0.125,0.0
Dani Gómez,21,levante,F,22,"1,55",67.5,Spain,33,17,2,2,28,7,30,38,3,0,0.2857142857142857,0.06060606060606061,0.06060606060606061,0.9090909090909091,1.1515151515151516,0.09090909090909091,0.0
Nacho Vidal,2,osasuna,D,26,"1,55",73.35000000000001,Spain,33,9,0,0,11,2,39,34,10,0,0.0,0.0,0.0,1.1818181818181819,1.0303030303030303,0.30303030303030304,0.0
Juan Cruz,3,osasuna,D,28,"1,55",77.4,Spain,26,3,0,0,1,0,12,4,4,0,0.0,0.0,0.0,0.46153846153846156,0.15384615384615385,0.15384615384615385,0.0
Unai García,4,osasuna,D,28,"1,85",80.55,Spain,16,4,0,0,5,0,13,4,3,0,0.0,0.0,0.0,0.8125,0.25,0.1875,0.0
David García,5,osasuna,D,27,"1,85",71.55,Spain,34,0,1,0,14,3,45,22,8,0,0.3333333333333333,0.0,0.029411764705882353,1.3235294117647058,0.6470588235294118,0.23529411764705882,0.0
Oier ,6,osasuna,D,34,"1,55",71.55,Spain,31,8,0,2,15,4,56,40,10,0,0.0,0.06451612903225806,0.0,1.8064516129032258,1.2903225806451613,0.3225806451612903,0.0
Facundo Roncaglia,12,osasuna,D,34,"1,55",75.60000000000001,Argentina,17,3,1,1,13,2,15,6,1,1,0.5,0.058823529411764705,0.058823529411764705,0.8823529411764706,0.35294117647058826,0.058823529411764705,0.058823529411764705
Jonás Ramalho,15,osasuna,D,27,"1,55",67.5,Spain,4,1,0,0,0,0,1,1,0,0,0.0,0.0,0.0,0.25,0.25,0.0,0.0
Aridane Hernández,23,osasuna,D,32,"1,85",76.5,Spain,24,0,0,0,2,0,20,20,3,1,0.0,0.0,0.0,0.8333333333333334,0.8333333333333334,0.125,0.041666666666666664
Gorka Zabarte,30,osasuna,D,22,"1,79",72.45,Spain,0,0,0,0,0,0,0,0,0,0,0.0,,,,,,
Jorge Herrando,31,osasuna,D,20,0,0.0,Spain,-1,-1,-1,-1,-1,-1,-1,-1,-1,-1,1.0,1.0,1.0,1.0,1.0,1.0,1.0
Manuel Sánchez,39,osasuna,D,20,"1,55",68.4,Spain,16,6,0,5,3,1,15,7,3,0,0.0,0.3125,0.0,0.9375,0.4375,0.1875,0.0
Darko Brasanac,8,osasuna,M,29,"1,55",72.45,Serbia,16,7,2,0,9,4,27,7,4,0,0.5,0.0,0.125,1.6875,0.4375,0.25,0.0
Roberto Torres,10,osasuna,M,32,"1,55",71.55,Spain,34,16,7,1,45,13,13,31,0,0,0.5384615384615384,0.029411764705882353,0.20588235294117646,0.38235294117647056,0.9117647058823529,0.0,0.0
Rubén García,14,osasuna,M,27,"1,73",71.55,Spain,37,4,3,5,31,9,42,40,2,0,0.3333333333333333,0.13513513513513514,0.08108108108108109,1.135135135135135,1.0810810810810811,0.05405405405405406,0.0
Iñigo Pérez,21,osasuna,M,33,"1,55",72.45,Spain,21,6,0,0,8,2,13,11,3,0,0.0,0.0,0.0,0.6190476190476191,0.5238095238095238,0.14285714285714285,0.0
Lucas Torró,24,osasuna,M,26,"1,92",76.5,Spain,24,8,0,1,17,7,24,25,4,0,0.0,0.041666666666666664,0.0,1.0,1.0416666666666667,0.16666666666666666,0.0
Jon Moncayola,27,osasuna,M,23,"1,88",85.5,Spain,35,7,2,0,36,10,37,10,5,1,0.2,0.0,0.05714285714285714,1.0571428571428572,0.2857142857142857,0.14285714285714285,0.02857142857142857
Javier Martínez,28,osasuna,M,21,"1,55",67.5,Spain,12,6,1,1,3,1,5,7,1,0,1.0,0.08333333333333333,0.08333333333333333,0.4166666666666667,0.5833333333333334,0.08333333333333333,0.0
Aimar Oroz,29,osasuna,M,19,0,0.0,Spain,0,0,0,0,0,0,0,0,0,0,0.0,,,,,,
Asier Córdoba,32,osasuna,M,21,"1,82",0.0,Spain,0,0,0,0,0,0,0,0,0,0,0.0,,,,,,
Iván Martín,36,osasuna,M,22,"1,55",68.4,Spain,0,0,0,0,0,0,0,0,0,0,0.0,,,,,,
Jony ,7,osasuna,F,29,"1,55",75.60000000000001,Spain,21,12,0,2,10,4,10,7,0,0,0.0,0.09523809523809523,0.0,0.47619047619047616,0.3333333333333333,0.0,0.0
Ezequiel Ávila,9,osasuna,F,27,"1,76",80.55,Argentina,8,6,0,0,7,2,3,5,0,0,0.0,0.0,0.0,0.375,0.625,0.0,0.0
Enrique Barja,11,osasuna,F,24,"1,55",67.5,Spain,32,16,2,3,20,11,14,23,2,0,0.18181818181818182,0.09375,0.0625,0.4375,0.71875,0.0625,0.0
Jonathan Calleri,16,osasuna,F,27,"1,55",71.55,Argentina,25,5,5,2,47,16,42,39,4,0,0.3125,0.08,0.2,1.68,1.56,0.16,0.0
Ante Budimir,17,osasuna,F,29,"1,92",73.35000000000001,Croatia,29,11,11,0,47,21,27,31,3,0,0.5238095238095238,0.0,0.3793103448275862,0.9310344827586207,1.0689655172413792,0.10344827586206896,0.0
Enric Gallego,19,osasuna,F,34,"1,92",86.4,Spain,21,14,0,2,13,4,26,11,1,0,0.0,0.09523809523809523,0.0,1.2380952380952381,0.5238095238095238,0.047619047619047616,0.0
Adrián ,20,osasuna,F,33,"1,82",72.45,Spain,17,12,1,1,10,3,4,4,0,0,0.3333333333333333,0.058823529411764705,0.058823529411764705,0.23529411764705882,0.23529411764705882,0.0,0.0
Martín Montoya,2,real-betis,D,30,"1,79",72.45,Spain,5,3,0,0,2,0,3,1,0,1,0.0,0.0,0.0,0.6,0.2,0.0,0.2
Marc Bartra,5,real-betis,D,30,"1,55",68.4,Spain,18,0,0,0,10,4,27,14,3,0,0.0,0.0,0.0,1.5,0.7777777777777778,0.16666666666666666,0.0
Víctor Ruiz,6,real-betis,D,33,"1,85",77.4,Spain,26,3,1,0,4,4,23,5,8,0,0.25,0.0,0.038461538461538464,0.8846153846153846,0.19230769230769232,0.3076923076923077,0.0
Sidnei ,12,real-betis,D,31,"1,85",78.3,Brazil,11,4,0,0,1,0,7,8,1,0,0.0,0.0,0.0,0.6363636363636364,0.7272727272727273,0.09090909090909091,0.0
Álex Moreno,15,real-betis,D,27,"1,55",67.5,Spain,22,2,0,2,11,3,18,22,3,0,0.0,0.09090909090909091,0.0,0.8181818181818182,1.0,0.13636363636363635,0.0
Emerson ,22,real-betis,D,22,"1,85",68.4,Brazil,33,0,1,4,10,2,54,68,9,1,0.5,0.12121212121212122,0.030303030303030304,1.6363636363636365,2.0606060606060606,0.2727272727272727,0.030303030303030304
Aïssa Mandi,23,real-betis,D,29,"1,82",77.4,Algeria,28,1,3,1,9,8,20,13,5,2,0.375,0.03571428571428571,0.10714285714285714,0.7142857142857143,0.4642857142857143,0.17857142857142858,0.07142857142857142
Francisco Delgado,32,real-betis,D,19,0,0.0,Spain,0,0,0,0,0,0,0,0,0,0,0.0,,,,,,
Juan Miranda,33,real-betis,D,21,"1,85",70.65,Spain,21,4,1,2,9,2,20,20,4,0,0.5,0.09523809523809523,0.047619047619047616,0.9523809523809523,0.9523809523809523,0.19047619047619047,0.0
Geovanni Barba,37,real-betis,D,20,0,0.0,Spain,0,0,0,0,0,0,0,0,0,0,0.0,,,,,,
Víctor Camarasa,3,real-betis,M,26,"1,82",75.60000000000001,Spain,-1,-1,-1,-1,-1,-1,-1,-1,-1,-1,1.0,1.0,1.0,1.0,1.0,1.0,1.0
Paul Akouokou,4,real-betis,M,23,"1,92",0.0,Ivory Coast,10,6,0,0,0,0,12,2,3,1,0.0,0.0,0.0,1.2,0.2,0.3,0.1
Sergio Canales,10,real-betis,M,30,"1,79",63.45,Spain,31,3,8,6,46,12,16,21,4,0,0.6666666666666666,0.1935483870967742,0.25806451612903225,0.5161290322580645,0.6774193548387096,0.12903225806451613,0.0
William Carvalho,14,real-betis,M,29,"1,85",77.4,Portugal,26,14,2,0,15,6,18,10,5,1,0.3333333333333333,0.0,0.07692307692307693,0.6923076923076923,0.38461538461538464,0.19230769230769232,0.038461538461538464
Joaquín ,17,real-betis,M,39,"1,55",73.35000000000001,Spain,27,11,2,5,10,5,10,12,2,0,0.4,0.18518518518518517,0.07407407407407407,0.37037037037037035,0.4444444444444444,0.07407407407407407,0.0
Andrés Guardado,18,real-betis,M,34,"1,73",66.60000000000001,Mexico,23,7,1,0,9,5,19,10,3,0,0.2,0.0,0.043478260869565216,0.8260869565217391,0.43478260869565216,0.13043478260869565,0.0
Diego Lainez,20,real-betis,M,20,"1,70",57.6,Mexico,20,12,0,2,13,4,12,25,4,0,0.0,0.1,0.0,0.6,1.25,0.2,0.0
Guido Rodríguez,21,real-betis,M,27,"1,85",77.4,Argentina,34,1,1,0,29,9,54,46,9,0,0.1111111111111111,0.0,0.029411764705882353,1.588235294117647,1.3529411764705883,0.2647058823529412,0.0
Rodrigo Sánchez,28,real-betis,M,21,0,0.0,Spain,14,10,0,0,5,0,1,14,0,0,0.0,0.0,0.0,0.07142857142857142,1.0,0.0,0.0
Juanmi ,7,real-betis,F,28,"1,76",67.5,Spain,16,11,2,0,14,5,11,3,1,0,0.4,0.0,0.125,0.6875,0.1875,0.0625,0.0
Nabil Fekir,8,real-betis,F,27,"1,76",71.55,France,32,0,4,5,84,27,76,90,5,1,0.14814814814814814,0.15625,0.125,2.375,2.8125,0.15625,0.03125
Borja Iglesias,9,real-betis,F,28,"1,88",85.5,Spain,27,13,10,0,36,14,19,18,2,0,0.7142857142857143,0.0,0.37037037037037035,0.7037037037037037,0.6666666666666666,0.07407407407407407,0.0
Cristian Tello,11,real-betis,F,29,"1,55",63.45,Spain,28,16,5,3,35,14,6,8,0,0,0.35714285714285715,0.10714285714285714,0.17857142857142858,0.21428571428571427,0.2857142857142857,0.0,0.0
Lorenzo Morón,16,real-betis,F,27,"1,55",65.7,Spain,25,16,1,0,24,3,13,25,3,0,0.3333333333333333,0.0,0.04,0.52,1.0,0.12,0.0
Yassin Fekir,19,real-betis,F,24,0,0.0,France,0,0,0,0,0,0,0,0,0,0,0.0,,,,,,
Aitor Ruibal,24,real-betis,F,25,"1,79",72.45,Spain,27,7,2,2,30,13,31,16,2,0,0.15384615384615385,0.07407407407407407,0.07407407407407407,1.1481481481481481,0.5925925925925926,0.07407407407407407,0.0
José Manuel Calderón,38,real-betis,F,21,"1,92",0.0,Spain,-1,-1,-1,-1,-1,-1,-1,-1,-1,-1,1.0,1.0,1.0,1.0,1.0,1.0,1.0
Pablo Ramon,0,real-madrid,D,19,"1,85",75.60000000000001,Spain,0,0,0,0,0,0,0,0,0,0,0.0,,,,,,
Dani Carvajal,2,real-madrid,D,29,"1,76",72.45,Spain,13,2,0,2,9,2,17,10,5,0,0.0,0.15384615384615385,0.0,1.3076923076923077,0.7692307692307693,0.38461538461538464,0.0
Éder Militão,3,real-madrid,D,23,"1,85",77.4,Brazil,13,1,1,0,11,3,14,12,3,1,0.3333333333333333,0.0,0.07692307692307693,1.0769230769230769,0.9230769230769231,0.23076923076923078,0.07692307692307693
Sergio Ramos,4,real-madrid,D,35,"1,82",72.45,Spain,15,0,2,0,17,6,17,5,3,0,0.3333333333333333,0.0,0.13333333333333333,1.1333333333333333,0.3333333333333333,0.2,0.0
Raphaël Varane,5,real-madrid,D,28,"1,92",80.55,France,30,0,2,0,16,4,14,10,2,0,0.5,0.0,0.06666666666666667,0.4666666666666667,0.3333333333333333,0.06666666666666667,0.0
Nacho ,6,real-madrid,D,31,"1,55",75.60000000000001,Spain,23,1,1,0,11,3,37,24,8,0,0.3333333333333333,0.0,0.043478260869565216,1.608695652173913,1.0434782608695652,0.34782608695652173,0.0
Marcelo ,12,real-madrid,D,33,"1,79",78.3,Brazil,15,3,0,2,12,0,9,14,3,0,0.0,0.13333333333333333,0.0,0.6,0.9333333333333333,0.2,0.0
Álvaro Odriozola,19,real-madrid,D,25,"1,79",65.7,Spain,12,4,2,0,3,2,5,4,0,0,1.0,0.0,0.16666666666666666,0.4166666666666667,0.3333333333333333,0.0,0.0
Ferland Mendy,23,real-madrid,D,25,"1,55",72.45,France,26,2,1,0,13,3,22,39,3,0,0.3333333333333333,0.0,0.038461538461538464,0.8461538461538461,1.5,0.11538461538461539,0.0
Victor Chust,32,real-madrid,D,21,"1,82",0.0,Spain,2,1,0,0,0,0,1,0,0,0,0.0,0.0,0.0,0.5,0.0,0.0,0.0
Miguel Gutiérrez,35,real-madrid,D,19,"1,55",67.5,Spain,5,3,0,1,0,0,6,4,0,0,0.0,0.2,0.0,1.2,0.8,0.0,0.0
Sergio Santos,40,real-madrid,D,20,"1,55",83.25,Spain,0,0,0,0,0,0,0,0,0,0,0.0,,,,,,
Eden Hazard,7,real-madrid,M,30,"1,76",75.60000000000001,Belgium,14,7,3,2,9,4,2,19,0,0,0.75,0.14285714285714285,0.21428571428571427,0.14285714285714285,1.3571428571428572,0.0,0.0
Toni Kroos,8,real-madrid,M,31,"1,82",77.4,Germany,28,4,3,10,34,12,27,31,6,0,0.25,0.35714285714285715,0.10714285714285714,0.9642857142857143,1.1071428571428572,0.21428571428571427,0.0
Luka Modric,10,real-madrid,M,35,"1,76",65.7,Croatia,34,3,4,3,42,14,28,31,4,0,0.2857142857142857,0.08823529411764706,0.11764705882352941,0.8235294117647058,0.9117647058823529,0.11764705882352941,0.0
Casemiro ,14,real-madrid,M,29,"1,85",82.35000000000001,Brazil,33,2,6,4,45,10,54,54,10,1,0.6,0.12121212121212122,0.18181818181818182,1.6363636363636365,1.6363636363636365,0.30303030303030304,0.030303030303030304
Federico Valverde,15,real-madrid,M,22,"1,55",77.4,Uruguay,23,9,3,1,20,8,9,9,0,0,0.375,0.043478260869565216,0.13043478260869565,0.391304347826087,0.391304347826087,0.0,0.0
Lucas Vázquez,17,real-madrid,M,29,"1,76",68.4,Spain,24,3,2,5,21,8,30,31,3,0,0.25,0.20833333333333334,0.08333333333333333,1.25,1.2916666666666667,0.125,0.0
Isco ,22,real-madrid,M,29,"1,79",77.4,Spain,24,16,0,2,20,3,16,17,1,0,0.0,0.08333333333333333,0.0,0.6666666666666666,0.7083333333333334,0.041666666666666664,0.0
Marvin ,28,real-madrid,M,20,0,0.0,Spain,4,2,0,1,1,0,1,5,0,0,0.0,0.25,0.0,0.25,1.25,0.0,0.0
Arribas ,30,real-madrid,M,19,"1,76",0.0,Spain,8,8,0,0,1,1,1,2,1,0,0.0,0.0,0.0,0.125,0.25,0.125,0.0
Antonio Blanco,31,real-madrid,M,20,"1,79",0.0,Spain,4,2,0,0,2,0,6,2,0,0,0.0,0.0,0.0,1.5,0.5,0.0,0.0
Karim Benzema,9,real-madrid,F,33,"1,85",77.4,France,33,1,22,8,118,53,17,25,2,0,0.41509433962264153,0.24242424242424243,0.6666666666666666,0.5151515151515151,0.7575757575757576,0.06060606060606061,0.0
Marco Asensio,11,real-madrid,F,25,"1,82",75.60000000000001,Spain,34,14,5,2,37,11,5,28,1,0,0.45454545454545453,0.058823529411764705,0.14705882352941177,0.14705882352941177,0.8235294117647058,0.029411764705882353,0.0
Vinícius Júnior ,20,real-madrid,F,20,"1,55",72.45,Brazil,34,13,3,3,39,12,25,54,3,0,0.25,0.08823529411764706,0.08823529411764706,0.7352941176470589,1.588235294117647,0.08823529411764706,0.0
Mariano ,24,real-madrid,F,27,"1,82",75.60000000000001,Dominican Republic,15,10,1,0,15,4,7,4,0,0,0.25,0.0,0.06666666666666667,0.4666666666666667,0.26666666666666666,0.0,0.0
Rodrygo ,25,real-madrid,F,20,"1,76",61.65,Brazil,21,11,1,5,25,5,14,21,0,0,0.2,0.23809523809523808,0.047619047619047616,0.6666666666666666,1.0,0.0,0.0
Hugo Duro,34,real-madrid,F,21,"1,55",68.4,Spain,2,2,0,0,1,0,1,1,0,0,0.0,0.0,0.0,0.5,0.5,0.0,0.0
Oscar Aranda Subiela,43,real-madrid,F,19,"1,55",0.0,Spain,0,0,0,0,0,0,0,0,0,0,0.0,,,,,,
Joseba Zaldúa,2,real-sociedad,D,28,"1,79",68.4,Spain,12,6,0,0,2,1,13,9,3,0,0.0,0.0,0.0,1.0833333333333333,0.75,0.25,0.0
Aritz Elustondo,6,real-sociedad,D,27,"1,55",70.65,Spain,22,1,1,0,6,2,21,24,5,0,0.5,0.0,0.045454545454545456,0.9545454545454546,1.0909090909090908,0.22727272727272727,0.0
Aihen Muñoz,12,real-sociedad,D,23,"1,79",71.55,Spain,16,2,0,1,4,1,18,8,6,0,0.0,0.0625,0.0,1.125,0.5,0.375,0.0
Modibo Sagnan,15,real-sociedad,D,22,"1,88",76.5,France,16,9,0,0,5,1,13,4,3,0,0.0,0.0,0.0,0.8125,0.25,0.1875,0.0
Gorosabel ,18,real-sociedad,D,24,"1,79",72.45,Spain,31,4,0,1,9,2,34,27,3,0,0.0,0.03225806451612903,0.0,1.096774193548387,0.8709677419354839,0.0967741935483871,0.0
Nacho Monreal,20,real-sociedad,D,35,"1,55",71.55,Spain,25,3,1,1,12,1,23,14,1,0,1.0,0.04,0.04,0.92,0.56,0.04,0.0
Robin Le Normand,24,real-sociedad,D,24,"1,88",78.3,France,32,3,0,1,19,1,41,18,5,1,0.0,0.03125,0.0,1.28125,0.5625,0.15625,0.03125
Jon Pacheco Dozagarat,26,real-sociedad,D,20,"1,82",76.5,Spain,1,1,0,0,1,0,0,0,0,0,0.0,0.0,0.0,0.0,0.0,0.0,0.0
Jérémy Blasco,32,real-sociedad,D,22,"1,85",77.4,France,0,0,0,0,0,0,0,0,0,0,0.0,,,,,,
Aritz Arambarri,33,real-sociedad,D,23,"1,85",75.60000000000001,Spain,1,1,0,0,0,0,0,0,0,0,0.0,0.0,0.0,0.0,0.0,0.0,0.0
Urko Gonzalez,37,real-sociedad,D,20,"1,88",0.0,Spain,2,1,0,0,0,0,4,1,1,0,0.0,0.0,0.0,2.0,0.5,0.5,0.0
Asier Illarramendi,4,real-sociedad,M,31,"1,55",73.35000000000001,Spain,6,0,0,0,0,0,6,10,2,0,0.0,0.0,0.0,1.0,1.6666666666666667,0.3333333333333333,0.0
Igor Zubeldia,5,real-sociedad,M,24,"1,55",77.4,Spain,24,3,1,1,9,3,32,11,5,0,0.3333333333333333,0.041666666666666664,0.041666666666666664,1.3333333333333333,0.4583333333333333,0.20833333333333334,0.0
Mikel Merino,8,real-sociedad,M,24,"1,88",82.35000000000001,Spain,26,1,2,2,33,10,78,54,5,0,0.2,0.07692307692307693,0.07692307692307693,3.0,2.076923076923077,0.19230769230769232,0.0
Adnan Januzaj,11,real-sociedad,M,26,"1,85",75.60000000000001,Belgium,26,14,4,4,31,12,7,35,2,0,0.3333333333333333,0.15384615384615385,0.15384615384615385,0.2692307692307692,1.3461538461538463,0.07692307692307693,0.0
Jon Guridi,14,real-sociedad,M,26,"1,55",62.550000000000004,Spain,17,9,0,1,8,2,11,14,2,0,0.0,0.058823529411764705,0.0,0.6470588235294118,0.8235294117647058,0.11764705882352941,0.0
Ander Guevara,16,real-sociedad,M,23,"1,55",72.45,Spain,30,6,1,1,8,2,28,14,4,0,0.5,0.03333333333333333,0.03333333333333333,0.9333333333333333,0.4666666666666667,0.13333333333333333,0.0
David Silva,21,real-sociedad,M,35,"1,76",66.60000000000001,Spain,20,4,2,5,18,3,24,17,4,0,0.6666666666666666,0.25,0.1,1.2,0.85,0.2,0.0
Luca Sangalli,23,real-sociedad,M,26,"1,70",72.45,Spain,-1,-1,-1,-1,-1,-1,-1,-1,-1,-1,1.0,1.0,1.0,1.0,1.0,1.0,1.0
Beñat Turrientes,27,real-sociedad,M,19,"1,55",0.0,Spain,0,0,0,0,0,0,0,0,0,0,0.0,,,,,,
Robert Navarro,29,real-sociedad,M,19,"1,55",0.0,Spain,1,1,0,0,0,0,1,1,0,0,0.0,0.0,0.0,1.0,1.0,0.0,0.0
Martín Zubimendi,36,real-sociedad,M,22,"1,55",72.45,Spain,30,14,0,0,6,0,36,17,6,0,0.0,0.0,0.0,1.2,0.5666666666666667,0.2,0.0
Jon Ander Olasagasti,38,real-sociedad,M,20,"1,79",72.45,Spain,0,0,0,0,0,0,0,0,0,0,0.0,,,,,,
Portu ,7,real-sociedad,F,28,"1,55",68.4,Spain,36,13,8,3,32,11,31,25,3,0,0.7272727272727273,0.08333333333333333,0.2222222222222222,0.8611111111111112,0.6944444444444444,0.08333333333333333,0.0
Carlos Fernández,9,real-sociedad,F,24,"1,85",71.55,Spain,15,9,1,2,8,5,22,16,5,0,0.2,0.13333333333333333,0.06666666666666667,1.4666666666666666,1.0666666666666667,0.3333333333333333,0.0
Mikel Oyarzabal,10,real-sociedad,F,24,"1,55",77.4,Spain,32,3,11,8,59,26,23,38,1,0,0.4230769230769231,0.25,0.34375,0.71875,1.1875,0.03125,0.0
Martín Merquelanz,17,real-sociedad,F,25,"1,79",71.55,Spain,13,9,0,1,11,4,4,13,0,0,0.0,0.07692307692307693,0.0,0.3076923076923077,1.0,0.0,0.0
Alexander Isak,19,real-sociedad,F,21,"1,92",68.4,Sweden,33,4,16,2,77,38,23,33,4,0,0.42105263157894735,0.06060606060606061,0.48484848484848486,0.696969696969697,1.0,0.12121212121212122,0.0
Ander Barrenetxea,22,real-sociedad,F,19,"1,55",73.35000000000001,Spain,30,17,3,0,23,7,38,20,7,0,0.42857142857142855,0.0,0.1,1.2666666666666666,0.6666666666666666,0.23333333333333334,0.0
Jon Bautista,25,real-sociedad,F,25,"1,55",71.55,Spain,21,21,0,1,12,3,10,6,3,0,0.0,0.047619047619047616,0.0,0.47619047619047616,0.2857142857142857,0.14285714285714285,0.0
Roberto López,28,real-sociedad,F,21,"1,55",68.4,Spain,16,12,3,0,14,5,2,5,0,0,0.6,0.0,0.1875,0.125,0.3125,0.0,0.0
Julen Lobete,35,real-sociedad,F,20,0,0.0,Spain,0,0,0,0,0,0,0,0,0,0,0.0,,,,,,
Raúl García,0,real-valladolid,D,32,"1,79",71.55,Spain,8,3,1,0,3,3,5,8,2,0,0.3333333333333333,0.0,0.125,0.625,1.0,0.25,0.0
Luis Pérez,2,real-valladolid,D,26,"1,76",67.5,Spain,22,7,0,0,2,0,15,16,1,0,0.0,0.0,0.0,0.6818181818181818,0.7272727272727273,0.045454545454545456,0.0
Kiko ,4,real-valladolid,D,32,"1,82",75.60000000000001,Spain,4,4,0,0,0,0,1,1,1,0,0.0,0.0,0.0,0.25,0.25,0.25,0.0
Javi Sánchez,5,real-valladolid,D,24,"1,85",70.65,Spain,16,5,0,0,3,0,6,2,3,0,0.0,0.0,0.0,0.375,0.125,0.1875,0.0
Bruno ,6,real-valladolid,D,30,"1,85",82.35000000000001,Spain,27,2,1,0,4,2,30,16,8,0,0.5,0.0,0.037037037037037035,1.1111111111111112,0.5925925925925926,0.2962962962962963,0.0
Jawad El Yamiq,15,real-valladolid,D,29,"1,92",82.35000000000001,Morocco,18,4,0,1,6,2,11,14,5,0,0.0,0.05555555555555555,0.0,0.6111111111111112,0.7777777777777778,0.2777777777777778,0.0
Saidy Janko,18,real-valladolid,D,25,"1,55",82.35000000000001,Switzerland,18,5,0,1,3,1,14,2,4,0,0.0,0.05555555555555555,0.0,0.7777777777777778,0.1111111111111111,0.2222222222222222,0.0
Nacho Martínez,22,real-valladolid,D,32,"1,79",62.550000000000004,Spain,23,2,0,1,8,1,14,22,3,1,0.0,0.043478260869565216,0.0,0.6086956521739131,0.9565217391304348,0.13043478260869565,0.043478260869565216
Lucas Olaza,25,real-valladolid,D,26,"1,76",67.5,Uruguay,31,0,1,3,19,4,26,31,8,0,0.25,0.0967741935483871,0.03225806451612903,0.8387096774193549,1.0,0.25806451612903225,0.0
Ignasi Vilarrasa,28,real-valladolid,D,24,"1,55",80.55,Spain,0,0,0,0,0,0,0,0,0,0,0.0,,,,,,
Miguel Ángel Rubio,30,real-valladolid,D,23,"1,92",85.5,Spain,2,1,0,0,1,0,2,1,0,0,0.0,0.0,0.0,1.0,0.5,0.0,0.0
Francisco Álvarez,32,real-valladolid,D,21,"1,55",0.0,Argentina,0,0,0,0,0,0,0,0,0,0,0.0,,,,,,
Sergio López,34,real-valladolid,D,22,"1,55",71.55,Spain,0,0,0,0,0,0,0,0,0,0,0.0,,,,,,
Lucas Freitas,43,real-valladolid,D,20,"1,82",73.35000000000001,Brazil,0,0,0,0,0,0,0,0,0,0,0.0,,,,,,
Jesús Martínez,45,real-valladolid,D,19,0,0.0,Spain,-1,-1,-1,-1,-1,-1,-1,-1,-1,-1,1.0,1.0,1.0,1.0,1.0,1.0,1.0
Kike Perez,8,real-valladolid,M,24,"1,82",78.3,Spain,23,11,0,0,15,4,31,26,3,0,0.0,0.0,0.0,1.3478260869565217,1.1304347826086956,0.13043478260869565,0.0
Pablo Hervías,11,real-valladolid,M,28,"1,79",67.5,Spain,26,16,0,5,14,7,8,16,1,0,0.0,0.19230769230769232,0.0,0.3076923076923077,0.6153846153846154,0.038461538461538464,0.0
Fabián Orellana,12,real-valladolid,M,35,"1,70",62.550000000000004,Chile,30,3,6,2,30,16,22,57,5,0,0.375,0.06666666666666667,0.2,0.7333333333333333,1.9,0.16666666666666666,0.0
Rubén Alcaraz,14,real-valladolid,M,30,"1,55",77.4,Spain,30,5,1,0,28,2,47,44,10,0,0.5,0.0,0.03333333333333333,1.5666666666666667,1.4666666666666666,0.3333333333333333,0.0
Roque Mesa,17,real-valladolid,M,31,"1,76",72.45,Spain,24,4,1,0,27,5,27,35,4,1,0.2,0.0,0.041666666666666664,1.125,1.4583333333333333,0.16666666666666666,0.041666666666666664
Toni Villa,19,real-valladolid,M,26,"1,76",62.550000000000004,Spain,20,11,2,0,14,4,16,31,2,0,0.5,0.0,0.1,0.8,1.55,0.1,0.0
Fede ,20,real-valladolid,M,24,"1,79",67.5,Spain,23,7,0,0,3,0,38,17,6,0,0.0,0.0,0.0,1.6521739130434783,0.7391304347826086,0.2608695652173913,0.0
Míchel ,21,real-valladolid,M,32,"1,82",67.5,Spain,21,11,2,0,10,4,15,9,2,0,0.5,0.0,0.09523809523809523,0.7142857142857143,0.42857142857142855,0.09523809523809523,0.0
Joaquín ,24,real-valladolid,M,24,"1,92",68.4,Spain,25,1,1,0,8,3,28,13,8,0,0.3333333333333333,0.0,0.04,1.12,0.52,0.32,0.0
Orio Rey,29,real-valladolid,M,23,"1,55",0.0,Spain,1,1,0,0,0,0,0,0,0,0,0.0,0.0,0.0,0.0,0.0,0.0,0.0
Mohamed Moukhliss,35,real-valladolid,M,21,"1,70",66.60000000000001,Spain,0,0,0,0,0,0,0,0,0,0,0.0,,,,,,
Kenan Kodro,3,real-valladolid,F,27,"1,88",77.4,Bosnia and Herzegovina,17,13,1,0,8,3,8,7,3,0,0.3333333333333333,0.0,0.058823529411764705,0.47058823529411764,0.4117647058823529,0.17647058823529413,0.0
Sergi Guardiola,7,real-valladolid,F,29,"1,85",77.4,Spain,28,9,1,2,35,11,39,39,5,0,0.09090909090909091,0.07142857142857142,0.03571428571428571,1.3928571428571428,1.3928571428571428,0.17857142857142858,0.0
Shon Weissman,9,real-valladolid,F,25,"1,79",71.55,Israel,31,8,6,1,38,15,27,16,3,0,0.4,0.03225806451612903,0.1935483870967742,0.8709677419354839,0.5161290322580645,0.0967741935483871,0.0
Óscar Plano,10,real-valladolid,F,30,"1,55",71.55,Spain,35,6,4,5,41,9,41,58,1,1,0.4444444444444444,0.14285714285714285,0.11428571428571428,1.1714285714285715,1.6571428571428573,0.02857142857142857,0.02857142857142857
Marcos de Sousa,16,real-valladolid,F,24,"1,82",77.4,Brazil,22,12,4,0,31,12,24,25,2,0,0.3333333333333333,0.0,0.18181818181818182,1.0909090909090908,1.1363636363636365,0.09090909090909091,0.0
Waldo Rubio,23,real-valladolid,F,25,"1,55",78.3,Spain,10,5,1,0,9,2,8,2,1,0,0.5,0.0,0.1,0.8,0.2,0.1,0.0
Kuki Zalazar,27,real-valladolid,F,23,"1,79",72.45,Spain,2,2,0,1,0,0,1,0,0,0,0.0,0.5,0.0,0.5,0.0,0.0,0.0
Jota ,40,real-valladolid,F,22,"1,79",58.5,Portugal,16,9,1,0,12,6,5,9,1,0,0.16666666666666666,0.0,0.0625,0.3125,0.5625,0.0625,0.0
Sergio Benito,41,real-valladolid,F,22,"1,55",0.0,Spain,1,1,0,0,0,0,0,0,0,0,0.0,0.0,0.0,0.0,0.0,0.0,0.0
Joris Gnagnon,2,sevilla-fc,D,24,"1,82",87.3,France,0,0,0,0,0,0,0,0,0,0,0.0,,,,,,
Sergi Gómez,3,sevilla-fc,D,29,"1,85",78.3,Spain,9,0,0,0,1,0,1,1,2,0,0.0,0.0,0.0,0.1111111111111111,0.1111111111111111,0.2222222222222222,0.0
Karim Rekik,4,sevilla-fc,D,26,"1,85",82.35000000000001,Netherlands,10,5,0,0,2,0,15,4,2,0,0.0,0.0,0.0,1.5,0.4,0.2,0.0
Jules Koundé,12,sevilla-fc,D,22,"1,55",68.4,France,33,1,2,1,21,6,20,22,4,0,0.3333333333333333,0.030303030303030304,0.06060606060606061,0.6060606060606061,0.6666666666666666,0.12121212121212122,0.0
Jesús Navas,16,sevilla-fc,D,35,"1,73",58.5,Spain,34,0,0,6,15,2,10,19,4,0,0.0,0.17647058823529413,0.0,0.29411764705882354,0.5588235294117647,0.11764705882352941,0.0
Aleix Vidal,17,sevilla-fc,D,31,"1,55",68.4,Spain,11,7,0,1,1,0,4,14,1,0,0.0,0.09090909090909091,0.0,0.36363636363636365,1.2727272727272727,0.09090909090909091,0.0
Sergio Escudero,18,sevilla-fc,D,31,"1,79",63.45,Spain,8,2,1,0,5,1,8,7,3,0,1.0,0.0,0.125,1.0,0.875,0.375,0.0
Marcos Acuña,19,sevilla-fc,D,29,"1,76",67.5,Argentina,30,4,1,2,18,2,44,32,5,0,0.5,0.06666666666666667,0.03333333333333333,1.4666666666666666,1.0666666666666667,0.16666666666666666,0.0
Diego Carlos,20,sevilla-fc,D,28,"1,85",77.4,Brazil,33,1,1,0,15,5,48,19,10,1,0.2,0.0,0.030303030303030304,1.4545454545454546,0.5757575757575758,0.30303030303030304,0.030303030303030304
Pablo Pérez Rico,26,sevilla-fc,D,19,0,0.0,Spain,0,0,0,0,0,0,0,0,0,0,0.0,,,,,,
Enrique Rios,37,sevilla-fc,D,21,"1,88",0.0,Spain,-1,-1,-1,-1,-1,-1,-1,-1,-1,-1,1.0,1.0,1.0,1.0,1.0,1.0,1.0
Carlos Alvarez,0,sevilla-fc,M,17,"1,55",71.55,Spain,-1,-1,-1,-1,-1,-1,-1,-1,-1,-1,1.0,1.0,1.0,1.0,1.0,1.0,1.0
Juanlu Sanchez,0,sevilla-fc,M,17,0,0.0,Spain,-1,-1,-1,-1,-1,-1,-1,-1,-1,-1,1.0,1.0,1.0,1.0,1.0,1.0,1.0
Lucas Ocampos,5,sevilla-fc,M,26,"1,88",82.35000000000001,Argentina,33,4,5,4,67,21,31,76,3,0,0.23809523809523808,0.12121212121212122,0.15151515151515152,0.9393939393939394,2.303030303030303,0.09090909090909091,0.0
Nemanja Gudelj,6,sevilla-fc,M,29,"1,88",86.4,Serbia,29,20,0,0,8,1,19,7,8,0,0.0,0.0,0.0,0.6551724137931034,0.2413793103448276,0.27586206896551724,0.0
Suso ,7,sevilla-fc,M,27,"1,55",68.4,Spain,33,6,3,4,46,17,23,37,2,0,0.17647058823529413,0.12121212121212122,0.09090909090909091,0.696969696969697,1.121212121212121,0.06060606060606061,0.0
Joan Jordán,8,sevilla-fc,M,26,"1,82",72.45,Spain,34,7,1,6,24,3,52,42,6,1,0.3333333333333333,0.17647058823529413,0.029411764705882353,1.5294117647058822,1.2352941176470589,0.17647058823529413,0.029411764705882353
Ivan Rakitic,10,sevilla-fc,M,33,"1,82",77.4,Croatia,36,11,4,2,41,10,32,24,5,0,0.4,0.05555555555555555,0.1111111111111111,0.8888888888888888,0.6666666666666666,0.1388888888888889,0.0
Óscar Rodríguez,14,sevilla-fc,M,22,"1,79",66.60000000000001,Spain,19,15,0,0,9,1,12,10,1,0,0.0,0.0,0.0,0.631578947368421,0.5263157894736842,0.05263157894736842,0.0
Óliver Torres,21,sevilla-fc,M,26,"1,79",62.550000000000004,Spain,32,17,0,2,11,3,20,17,2,0,0.0,0.0625,0.0,0.625,0.53125,0.0625,0.0
Franco Vázquez,22,sevilla-fc,M,32,"1,88",81.45,Argentina,14,14,1,0,3,1,5,5,1,0,1.0,0.0,0.07142857142857142,0.35714285714285715,0.35714285714285715,0.07142857142857142,0.0
Alejandro Gómez,24,sevilla-fc,M,33,"1,67",67.5,Argentina,17,6,2,1,16,9,14,22,0,0,0.2222222222222222,0.058823529411764705,0.11764705882352941,0.8235294117647058,1.2941176470588236,0.0,0.0
Fernando ,25,sevilla-fc,M,33,"1,82",75.60000000000001,Brazil,31,3,3,4,6,4,39,16,6,0,0.75,0.12903225806451613,0.0967741935483871,1.2580645161290323,0.5161290322580645,0.1935483870967742,0.0
Antonio Zarzana,30,sevilla-fc,M,19,0,0.0,Spain,0,0,0,0,0,0,0,0,0,0,0.0,,,,,,
Iván Romero,0,sevilla-fc,F,20,"1,76",0.0,Spain,0,0,0,0,0,0,0,0,0,0,0.0,,,,,,
Luuk de Jong,9,sevilla-fc,F,30,"1,88",78.3,Netherlands,33,19,4,0,34,12,20,32,3,0,0.3333333333333333,0.0,0.12121212121212122,0.6060606060606061,0.9696969696969697,0.09090909090909091,0.0
Munir El Haddadi,11,sevilla-fc,F,25,"1,79",67.5,Spain,24,15,4,2,31,12,20,28,2,0,0.3333333333333333,0.08333333333333333,0.16666666666666666,0.8333333333333334,1.1666666666666667,0.08333333333333333,0.0
Youssef En-Nesyri,15,sevilla-fc,F,23,"1,88",72.45,Morocco,37,15,18,0,73,28,24,34,2,0,0.6428571428571429,0.0,0.4864864864864865,0.6486486486486487,0.918918918918919,0.05405405405405406,0.0
Thierry Correia,2,valencia,D,22,"1,79",63.45,Portugal,28,4,1,1,8,2,29,38,4,1,0.5,0.03571428571428571,0.03571428571428571,1.0357142857142858,1.3571428571428572,0.14285714285714285,0.03571428571428571
Toni Lato,3,valencia,D,23,"1,73",62.550000000000004,Spain,14,7,1,0,2,2,11,5,2,0,0.5,0.0,0.07142857142857142,0.7857142857142857,0.35714285714285715,0.14285714285714285,0.0
Eliaquim Mangala,4,valencia,D,30,"1,88",82.35000000000001,France,6,2,0,0,2,0,5,2,1,0,0.0,0.0,0.0,0.8333333333333334,0.3333333333333333,0.16666666666666666,0.0
Gabriel ,5,valencia,D,30,"1,85",71.55,Brazil,30,0,4,1,14,6,18,26,6,0,0.6666666666666666,0.03333333333333333,0.13333333333333333,0.6,0.8666666666666667,0.2,0.0
Ferro ,6,valencia,D,24,"1,92",71.55,Portugal,3,1,0,0,0,0,0,0,0,0,0.0,0.0,0.0,0.0,0.0,0.0,0.0
Mouctar Diakhaby,12,valencia,D,24,"1,88",77.4,France,25,2,1,0,10,4,19,8,4,1,0.25,0.0,0.04,0.76,0.32,0.16,0.04
José Gayà,14,valencia,D,25,"1,76",65.7,Spain,33,1,1,7,25,5,28,30,6,0,0.2,0.21212121212121213,0.030303030303030304,0.8484848484848485,0.9090909090909091,0.18181818181818182,0.0
Hugo Guillamón,15,valencia,D,21,"1,55",61.65,Spain,24,4,1,0,9,3,32,24,7,0,0.3333333333333333,0.0,0.041666666666666664,1.3333333333333333,1.0,0.2916666666666667,0.0
Cristiano Piccini,24,valencia,D,28,"1,82",76.5,Italy,3,3,0,0,1,0,0,0,0,0,0.0,0.0,0.0,0.0,0.0,0.0,0.0
Kevin Sibille,29,valencia,D,22,"1,82",73.35000000000001,Argentina,-1,-1,-1,-1,-1,-1,-1,-1,-1,-1,1.0,1.0,1.0,1.0,1.0,1.0,1.0
Guillem Molina,31,valencia,D,21,"1,82",70.65,Spain,2,1,0,0,0,0,3,2,1,0,0.0,0.0,0.0,1.5,1.0,0.5,0.0
Jesús Vázquez,32,valencia,D,26,"1,82",77.4,Mexico,0,0,0,0,0,0,0,0,0,0,0.0,,,,,,
Gonçalo Guedes,7,valencia,M,24,"1,55",67.5,Portugal,30,4,5,6,50,14,26,63,3,1,0.35714285714285715,0.2,0.16666666666666666,0.8666666666666667,2.1,0.1,0.03333333333333333
Carlos Soler,8,valencia,M,24,"1,55",75.60000000000001,Spain,31,1,11,8,35,17,26,35,7,0,0.6470588235294118,0.25806451612903225,0.3548387096774194,0.8387096774193549,1.1290322580645162,0.22580645161290322,0.0
Christian Oliva,10,valencia,M,24,"1,55",76.5,Uruguay,9,8,0,2,2,1,3,3,0,0,0.0,0.2222222222222222,0.0,0.3333333333333333,0.3333333333333333,0.0,0.0
Denis Cheryshev,17,valencia,M,30,"1,55",72.45,Russia,20,7,0,3,20,6,25,14,3,0,0.0,0.15,0.0,1.25,0.7,0.15,0.0
Daniel Wass,18,valencia,M,31,"1,55",72.45,Denmark,35,0,4,1,38,12,36,33,8,0,0.3333333333333333,0.02857142857142857,0.11428571428571428,1.0285714285714285,0.9428571428571428,0.22857142857142856,0.0
Uros Racic,19,valencia,M,23,"1,95",80.55,Serbia,30,6,1,1,33,10,41,25,6,0,0.1,0.03333333333333333,0.03333333333333333,1.3666666666666667,0.8333333333333334,0.2,0.0
Kang-In Lee,20,valencia,M,20,"1,76",67.5,South Korea,23,9,0,4,21,4,14,39,1,0,0.0,0.17391304347826086,0.0,0.6086956521739131,1.6956521739130435,0.043478260869565216,0.0
Jason ,23,valencia,M,26,"1,55",63.45,Spain,17,13,0,0,5,0,6,15,2,1,0.0,0.0,0.0,0.35294117647058826,0.8823529411764706,0.11764705882352941,0.058823529411764705
Vicente Esquerdo,26,valencia,M,22,"1,82",73.35000000000001,Spain,4,1,0,0,1,0,3,0,1,0,0.0,0.0,0.0,0.75,0.0,0.25,0.0
Koba Koindredi,27,valencia,M,19,0,0.0,France,2,2,0,0,0,0,0,0,0,0,0.0,0.0,0.0,0.0,0.0,0.0,0.0
Yunus Musah,30,valencia,M,18,"1,55",0.0,United States,31,14,1,0,6,2,19,29,2,0,0.5,0.0,0.03225806451612903,0.6129032258064516,0.9354838709677419,0.06451612903225806,0.0
Kevin Gameiro,9,valencia,F,34,"1,76",68.4,France,27,17,4,1,16,7,9,8,0,0,0.5714285714285714,0.037037037037037035,0.14814814814814814,0.3333333333333333,0.2962962962962963,0.0,0.0
Patrick Cutrone,11,valencia,F,23,"1,82",73.35000000000001,Italy,7,7,0,0,3,1,2,1,0,0,0.0,0.0,0.0,0.2857142857142857,0.14285714285714285,0.0,0.0
Alexis Blanco,16,valencia,F,32,"1,85",82.35000000000001,Argentina,13,7,1,0,7,2,4,8,1,0,0.5,0.0,0.07692307692307693,0.3076923076923077,0.6153846153846154,0.07692307692307693,0.0
Manu Vallejo,21,valencia,F,24,"1,70",71.55,Spain,29,20,5,0,19,14,14,20,2,0,0.35714285714285715,0.0,0.1724137931034483,0.4827586206896552,0.6896551724137931,0.06896551724137931,0.0
Maxi Gómez,22,valencia,F,24,"1,85",90.45,Uruguay,30,0,7,1,52,23,51,70,6,1,0.30434782608695654,0.03333333333333333,0.23333333333333334,1.7,2.3333333333333335,0.2,0.03333333333333333
Mario ,2,villarreal,D,30,"1,82",72.45,Spain,23,3,0,2,16,3,18,9,3,1,0.0,0.08695652173913043,0.0,0.782608695652174,0.391304347826087,0.13043478260869565,0.043478260869565216
Raúl Albiol,3,villarreal,D,35,"1,88",72.45,Spain,34,0,0,0,8,1,13,16,7,0,0.0,0.0,0.0,0.38235294117647056,0.47058823529411764,0.20588235294117646,0.0
Pau Torres,4,villarreal,D,24,"1,92",78.3,Spain,32,0,2,2,9,3,13,15,2,0,0.6666666666666666,0.0625,0.0625,0.40625,0.46875,0.0625,0.0
Ramiro Funes Mori,6,villarreal,D,30,"1,85",77.4,Argentina,10,2,0,0,4,1,7,3,1,0,0.0,0.0,0.0,0.7,0.3,0.1,0.0
Juan Foyth,8,villarreal,D,23,"1,55",67.5,Argentina,16,3,0,0,1,0,19,14,5,0,0.0,0.0,0.0,1.1875,0.875,0.3125,0.0
Pervis Estupiñán,15,villarreal,D,23,"1,79",72.45,Ecuador,25,13,0,0,10,5,23,20,1,0,0.0,0.0,0.0,0.92,0.8,0.04,0.0
Alberto Moreno,18,villarreal,D,28,"1,73",63.45,Spain,5,3,0,0,4,0,3,3,0,0,0.0,0.0,0.0,0.6,0.6,0.0,0.0
Jaume Costa,21,villarreal,D,33,"1,73",61.65,Spain,14,11,0,1,2,0,7,9,1,0,0.0,0.07142857142857142,0.0,0.5,0.6428571428571429,0.07142857142857142,0.0
José Manuel Cabrera,27,villarreal,D,19,0,0.0,Spain,0,0,0,0,0,0,0,0,0,0,0.0,,,,,,
Andrei Ratiu,44,villarreal,D,22,"1,82",0.0,Romania,0,0,0,0,0,0,0,0,0,0,0.0,,,,,,
Dani Parejo,5,villarreal,M,32,"1,82",72.45,Spain,35,0,3,4,27,8,32,58,5,0,0.375,0.11428571428571428,0.08571428571428572,0.9142857142857143,1.6571428571428573,0.14285714285714285,0.0
Vicente Iborra,10,villarreal,M,33,"1,92",90.45,Spain,13,3,0,0,3,0,15,8,4,0,0.0,0.0,0.0,1.1538461538461537,0.6153846153846154,0.3076923076923077,0.0
Samuel Chukwueze,11,villarreal,M,21,"1,76",68.4,Nigeria,28,15,4,2,32,10,12,30,0,0,0.4,0.07142857142857142,0.14285714285714285,0.42857142857142855,1.0714285714285714,0.0,0.0
Manu Trigueros,14,villarreal,M,29,"1,55",73.35000000000001,Spain,34,5,1,7,27,7,53,38,6,1,0.14285714285714285,0.20588235294117646,0.029411764705882353,1.5588235294117647,1.1176470588235294,0.17647058823529413,0.029411764705882353
Francis Coquelin,19,villarreal,M,30,"1,79",72.45,France,21,14,0,0,4,0,16,16,4,0,0.0,0.0,0.0,0.7619047619047619,0.7619047619047619,0.19047619047619047,0.0
Rubén Peña,20,villarreal,M,29,"1,73",63.45,Spain,18,6,1,1,6,2,21,17,1,0,0.5,0.05555555555555555,0.05555555555555555,1.1666666666666667,0.9444444444444444,0.05555555555555555,0.0
Moi Gómez,23,villarreal,M,26,"1,79",70.65,Spain,34,5,4,0,23,11,20,33,1,0,0.36363636363636365,0.0,0.11764705882352941,0.5882352941176471,0.9705882352941176,0.029411764705882353,0.0
Alfonso Pedraza,24,villarreal,M,25,"1,82",72.45,Spain,28,5,1,2,24,9,40,23,8,0,0.1111111111111111,0.07142857142857142,0.03571428571428571,1.4285714285714286,0.8214285714285714,0.2857142857142857,0.0
Étienne Capoue,25,villarreal,M,32,"1,88",78.3,France,15,1,1,0,7,3,25,21,5,1,0.3333333333333333,0.0,0.06666666666666667,1.6666666666666667,1.4,0.3333333333333333,0.06666666666666667
Carlo Adriano García,28,villarreal,M,20,0,0.0,Spain,0,0,0,0,0,0,0,0,0,0,0.0,,,,,,
Sergio Lozano,28,villarreal,M,22,"1,79",68.4,Spain,0,0,0,0,0,0,0,0,0,0,0.0,,,,,,
Álex Baena,32,villarreal,M,19,0,0.0,Spain,6,4,0,0,2,1,2,4,0,0,0.0,0.0,0.0,0.3333333333333333,0.6666666666666666,0.0,0.0
Gerard Moreno,7,villarreal,F,29,"1,55",76.5,Spain,32,3,23,6,98,47,39,59,3,0,0.48936170212765956,0.1875,0.71875,1.21875,1.84375,0.09375,0.0
Carlos Bacca,9,villarreal,F,34,"1,55",76.5,Colombia,22,14,5,0,19,11,9,6,1,0,0.45454545454545453,0.0,0.22727272727272727,0.4090909090909091,0.2727272727272727,0.045454545454545456,0.0
Raba ,12,villarreal,F,25,"1,82",75.60000000000001,Spain,4,3,0,0,5,1,3,7,0,0,0.0,0.0,0.0,0.75,1.75,0.0,0.0
Paco Alcácer,17,villarreal,F,27,"1,79",70.65,Spain,26,7,6,4,37,19,6,8,0,0,0.3157894736842105,0.15384615384615385,0.23076923076923078,0.23076923076923078,0.3076923076923077,0.0,0.0
Yeremi Pino,30,villarreal,F,18,"1,76",0.0,Spain,23,18,2,1,10,4,19,14,4,0,0.5,0.043478260869565216,0.08695652173913043,0.8260869565217391,0.6086956521739131,0.17391304347826086,0.0
Fernando Niño,34,villarreal,F,20,0,0.0,Spain,17,9,3,0,14,7,6,14,1,0,0.42857142857142855,0.0,0.17647058823529413,0.35294117647058826,0.8235294117647058,0.058823529411764705,0.0
Álex Millán,40,villarreal,F,21,0,0.0,Spain,1,1,0,0,0,0,1,0,0,0,0.0,0.0,0.0,1.0,0.0,0.0,0.0
